month,gfcf_real_gdp,money_supply_m1,money_supply_m2,money_supply_m3,money_supply_m4,currency_in_circulation,currency_with_public,demand_deposits,m3_net_bank_credit_govt,bank_credit,sched_banks_liabilities,sched_banks_demand_time_dep,sched_banks_deposits,sched_banks_demand_dep,cash_reserve_ratio,tbill_91day_yield,tbill_364day_yield,exchange_rate_inr_usd,sensex,bse_listed_companies,ceic_leading_indicator,electricity_generation,exports,imports_usd,fuel_power_wpi,foreign_tourist_arrivals
YYYY-MM,INR real const prices — QUARTERLY (blank off-quarter),INR mn,INR mn,INR mn,INR mn,INR mn,INR mn,INR mn,INR mn,INR mn,INR mn,INR mn,INR mn,INR mn,% (rate),% pa,% pa,USD/INR,Index 1978-79=100,count,index,GWh,INR mn,USD mn,Index 2011-12=100,persons
1996-04,1781239217411,2178120,2237550,6092580,6253910,1293570,1255320,869300,2684450,2521490,168040,138860,4524110,771980,13.5,12.4562,12.9944,34.52,3826.72,5596,99.15000445,32256,99801.106,3045,69.49927293,158785
1996-05,,2179700,2239010,6112510,6275090,1326560,1285000,841110,2703840,2506330,202900,139680,4562880,770280,13,12.4137,12.9433,35.09,3724.97,5719,99.58765694,33416,96178.65,3348,69.55872483,132833
1996-06,,2188340,2247490,6195310,6359100,1316070,1271790,849400,2749750,2501130,210440,148110,4634520,796550,13,12.4137,12.9688,35.06,3812.52,5760,95.61267588,30413,92522.282,2868,69.55872483,133154
1996-07,1831670240883,2160170,2219630,6221650,6387620,1292290,1249790,859930,2790110,2508660,232870,156090,4673800,784800,12,9.4585,12.6126,35.68,3536.94,5799,94.70929566,31894,95909.3697,2937,76.15788591,176347
1996-08,,2142020,2201610,6257770,6425150,1251730,1210020,874690,2739340,2487340,175720,153370,4747360,790050,12,9.9621,12.6126,35.68,3514.61,5886,93.25417173,31943,96588.4,3023,76.75240492,167985
1996-09,,2174910,2233760,6383580,6552090,1239160,1197350,917470,2735830,2521080,185090,161460,4847330,825930,12,10.1723,12.6126,35.76,3239.48,5933,90.15203077,31443,94983.76,2959,76.75240492,160840
1996-10,1865631734143,2192570,2251820,6412430,6580300,1279090,1236320,883150,2772420,2553540,182250,158600,4834790,788530,11.5,8.8307,12.0951,35.68,3163.78,5969,93.17264423,33202,95416.594,3228,76.87130872,204126
1996-11,,2218890,2278070,6486520,6654500,1333950,1290170,864680,2811490,2586520,228340,157180,4918870,805220,11,8.1633,10.3996,35.76,2890.5,5988,90.21812694,32644,90314.784,3424,77.22802013,240620
1996-12,,2216930,2276640,6535480,6704530,1335920,1293850,877800,2821480,2613310,222520,166200,4967290,815340,11,8.1633,10.3266,35.93,3085.2,5999,93.82986827,34561,100611.726,3262,77.28747204,273310
1997-01,1923626734029,2263300,2322900,6694110,6862040,1329460,1285880,932590,2848190,2673540,196480,168960,5085280,838750,10,7.498,10.0958,35.88,3382.47,6008,92.93927423,34608,105592.7817,3882,77.28747204,240569
1997-02,,2290510,2350090,6763670,6931640,1352400,1309030,945970,2854440,2682370,190470,159690,5139980,850390,10,7.9551,10.0958,35.89,3651.91,5839,94.72847442,31926,98519.4225,3570,77.28747204,227458
1997-03,,2406150,2469770,6960120,7134910,1372170,1320870,1053340,2886200,2784010,214800,176510,5295850,937940,10,7.9551,10.0958,35.9,3360.89,5832,94.40429984,35837,124376.7168,3564,77.28747204,218411
1997-04,1915311097431,2416140,2478210,7085090,7259560,1435820,1391700,990180,2987540,2763710,231370,180280,5358440,883570,10,6.2151,8.9799,35.78,3841.11,5831,99.36209526,33406,94407.0435,3180,82.51923937,154863
1997-05,,2449980,2511600,7160520,7335850,1486030,1437660,977780,3034890,2771680,258900,171650,5426820,900200,10,6.7521,8.9799,35.79,3755.1,5840,102.5594536,34713,109086.516,3503,82.51923937,137536
1997-06,,2498850,2560060,7243470,7420260,1493700,1443500,1003360,3075680,2761180,278010,179760,5496430,918160,10,7.0004,8.9799,35.82,4256.09,5844,103.8805764,33160,101192.065,3347,82.51923937,143199
1997-07,1935837828798,2449640,2510780,7262050,7440660,1478800,1430930,964220,3132640,2793890,270950,186680,5529410,891150,10,6.7107,8.4246,35.71,4305.76,5844,102.1627252,34693,106813.2312,3553,82.51923937,184324
1997-08,,2385340,2449150,7289290,7471950,1422390,1372940,971170,3066290,2770990,271730,185410,5590560,870860,10,6.5867,8.3306,36.36,3876.08,5848,97.12997744,34733,101507.9615,3060,82.51923937,176675
1997-09,,2430900,2494930,7442520,7627060,1399440,1353820,1035730,3027740,2797340,278910,196200,5739800,934330,10,6.8762,8.4716,36.18,3902.03,5839,99.29412789,34374,109682.1292,3175,87.63210291,160032
1997-10,1991745764141,2450520,2513640,7528220,7713440,1455730,1406040,1008530,3147430,2876270,325590,208560,5951060,913300,9.75,6.2151,7.9797,36.4,3803.24,5842,99.13980369,34893,109414.228,3586,87.69155481,210798
1997-11,,2501400,2565110,7635840,7823260,1492390,1444120,1006900,3181370,2884830,307760,211940,5895320,932230,9.5,6.2151,7.9797,38.57,3560.29,5842,92.96486158,33575,96951.14,3299,87.57265101,249275
1997-12,,2507140,2572000,7683040,7873990,1491260,1444430,1019670,3214680,2947210,306810,211260,5934070,940300,10,7.2076,7.9797,39.28,3658.98,5843,96.19113834,35495,114772.2,3717,87.57265101,270954
1998-01,2004011107320,2515750,2580920,7785870,7977740,1481160,1432860,1048010,3184230,3070610,314310,205770,5982020,936900,10.25,7.332,,38.92,3224.36,5850,103.3932899,38321,116164.059,3575,87.57265101,245706
1998-02,,2531710,2599490,7914080,8109190,1498460,1448600,1056440,3213370,3134560,296030,216300,6111870,946480,10.25,7.332,7.9797,39.3,3622.22,5852,108.5480343,35194,114839.2576,3703,87.69155481,222089
1998-03,,2678440,2755110,8213320,8420590,1510550,1455790,1187250,3305970,3240790,328530,242090,6365970,1061010,10.25,7.332,7.9797,39.5,3892.75,5853,114.1017199,38763,128241.8326,3716,87.92936242,215534
1998-04,2042670099632,2712680,2779820,8368950,8567800,1598980,1547410,1140280,3375490,3215770,321000,244900,6437240,1022950,10,7.332,7.9797,39.73,4006.81,5853,108.7173323,37059,107753.6706,3585,88.76168904,174204
1998-05,,2739950,2806220,8459580,8659450,1650650,1593950,1121230,3483770,3207070,327460,245160,6499910,1000190,10,7.332,7.968,41.5,3686.39,5852,104.7455828,38150,101900.1866,3748,88.58333333,137868
1998-06,,2755470,2823850,8544660,8749090,1640430,1581170,1130870,3606590,3196760,350290,252080,6581520,1028780,10,7.332,7.9797,42.47,3250.69,5854,100.9503425,36283,105281.498,3162,88.52388143,140810
1998-07,2081624167584,2700410,2768780,8634610,8841120,1561020,1502880,1154850,3671000,3230500,345240,263240,6693710,1035100,10,7.7056,9.0156,42.56,3211.31,5850,99.00406831,36998,118503.4158,3922,87.63210291,175322
1998-08,,2676560,2745680,8832760,9041800,1555470,1498120,1131510,3646220,3235970,355990,274550,6887870,1010280,11,7.9967,9.0156,42.55,2933.85,5851,88.24560178,37080,127886.0565,3410,87.69155481,173095
1998-09,,2732760,2801050,9011500,9221620,1567050,1514240,1181290,3676720,3306900,393930,291480,7052860,1061970,11,8.9621,9.577,42.49,3102.29,5854,84.60482171,35496,113813.667,3692,87.69155481,160369
1998-10,2130956689747,2781410,2849830,9150110,9362210,1653080,1592420,1153830,3724740,3377080,418790,292160,7149200,1062850,11,10.0041,10.7174,42.37,2812.49,5855,79.35549381,34848,110606.7287,3445,87.69155481,203903
1998-11,,2777440,2845340,9192200,9407190,1642130,1589440,1151980,3789620,3374120,424220,296670,7180170,1048850,11,9.5423,10.6195,42.63,2810.66,5857,85.38395469,35900,117738.81,3484,87.69155481,239919
1998-12,,2809600,2878300,9236980,9455710,1676380,1624440,1145170,3800460,3409160,428850,297210,7201710,1050140,11,9.5843,10.4728,42.48,3055.41,5860,91.78287445,39126,118658.2474,3533,87.69155481,269810
1999-01,2171894132137,2877190,2944850,9402340,9620030,1707200,1648880,1197210,3830840,3492710,425590,305550,7219270,1073730,11,9.5423,10.4118,42.5,3315.57,5861,96.30476682,40406,116701.7579,3445,86.38361298,253125
1999-02,,2902450,2969940,9511970,9729960,1737630,1680100,1190680,3872070,3534690,452890,313060,7268210,1062650,11,9.5423,10.6195,42.49,3399.63,5860,101.9516891,36469,121385.1864,3282,90.24798658,241881
1999-03,,3090680,3167180,9809600,10039380,1758460,1689440,1363880,3866770,3688700,469420,338750,7515190,1215850,10.5,8.7472,10.0715,42.43,3739.96,5848,112.8682011,40847,139367.7758,3693,90.60469799,227151
1999-04,2284961162015,3107820,3177250,9941600,10167390,1853480,1794570,1281480,4000100,3704270,507230,343770,7588060,1151940,10.5,8.4133,9.9263,42.82,3325.69,5850,111.2192,39290,117049.248,3328,90.72360179,165627
1999-05,,3137300,3206680,10043580,10272550,1913590,1850300,1257110,4050480,3668250,488110,337540,7610120,1124240,10,8.7472,10.011,42.84,3963.56,5850,106.023888,39407,114519.248,3657,90.78305369,140168
1999-06,,3138520,3208320,10106820,10339550,1916210,1852630,1236820,4105900,3656170,474190,335060,7707220,1127660,10,9.249,10.3266,43.36,4140.73,5851,102.9686454,37897,119439.9028,3673,91.1397651,153225
1999-07,2331170839528,3089960,3160580,10233540,10469920,1833370,1771000,1272690,4183530,3720520,478710,341710,7851650,1140900,10,8.9561,10.2779,43.29,4542.34,5851,106.9167834,39281,136270.1081,4207,91.2586689,189045
1999-08,,3078540,3149970,10317740,10557700,1832550,1772470,1262900,4194090,3747660,468490,347600,7933370,1133180,10,9.4585,10.2779,43.48,4898.21,5852,116.5065629,41103,137861.6408,4175,91.73428412,184808
1999-09,,3122850,3195380,10504310,10748280,1829610,1765900,1311480,4235430,3806580,503600,359730,8081400,1177360,10,9.4585,10.3266,43.61,4764.42,5854,122.6041651,40328,138205.977,4629,93.63674497,169200
1999-10,2337801823896,3175270,3248350,10623140,10870990,1896400,1830390,1314690,4326850,3924580,528260,360830,8176360,1194160,10,9.4585,10.3266,43.42,4444.56,5855,111.6234188,38324,136668.6864,4147,98.03618568,219442
1999-11,,3211810,3285260,10701160,10952890,1968310,1902210,1276770,4334490,3963040,502180,359080,8191760,1178730,9,9.4166,10.1928,43.41,4622.21,5858,117.7461446,38726,127636.146,4117,99.40357942,260752
1999-12,,3315730,3390440,10954610,11212460,2003810,1923320,1359690,4412250,4151770,512400,379390,8354170,1217720,9,9.0816,10.1686,43.49,5005.82,5863,114.2384353,38324,133531.3252,4615,99.40357942,277505
2000-01,2417942998938,3307250,3381310,10943680,11203060,1968110,1896540,1379380,4367550,4152880,497940,362140,8370860,1240080,9,8.8725,9.9143,43.61,5205.29,5871,122.6417701,41703,119783.946,3879,99.70083893,253666
2000-02,,3372560,3446770,11111080,11373480,1982750,1914030,1431920,4374360,4245840,517390,377190,8561710,1298400,9,8.9561,9.4092,43.61,5446.98,5879,128.5731446,39690,148598.216,4344,101.3654922,267403
2000-03,,3417960,3497740,11241740,11517300,1970610,1890820,1496810,4413780,4359580,562330,386990,8620980,1330000,9,9.1653,9.9263,43.62,5001.28,5889,123.0199341,43124,168443.838,4871,108.6780761,234606
2000-04,2362910579549,3509260,3587310,11540930,11818040,2063880,1989280,1488810,4606430,4445520,600780,417310,8862310,1350930,8,7.9135,9.2419,43.66,4657.55,5868,119.2836974,40725,144596.357,4401,115.2177852,187419
2000-05,,3528510,3606720,11613940,11893950,2110560,2033490,1469400,4650010,4424930,585360,405130,8929920,1345860,8,8.7054,9.2419,44.58,4433.61,5876,117.6024071,41963,157659.4943,4371,115.0988814,151344
2000-06,,3534380,3613200,11775240,12063670,2062460,1975840,1512060,4704910,4599340,602090,431080,9036400,1361670,8,8.9143,9.2419,44.68,4748.77,5886,119.1953911,39824,154647.5275,4028,115.5150447,168716
2000-07,2358443845840,3443390,3523710,11780530,12075220,2028780,1951750,1450530,4787980,4575570,574420,438020,9061730,1299070,8.25,9.249,10.2901,44.99,4279.86,5890,111.7619535,39670,158107.603,4487,115.6339485,204969
2000-08,,3431130,3512690,11855980,12157210,2029540,1953670,1435750,4695200,4622660,592680,435780,9137720,1286060,8.5,10.4669,10.9139,45.8,4477.31,5897,116.0813654,41538,167971.129,3993,116.2879195,189902
2000-09,,3464380,3546670,12032540,12339380,2023570,1948040,1480490,4736390,4765040,619780,445130,9460200,1416970,8.5,10.0041,10.9139,46.07,4090.38,5910,114.1845386,41222,176884.864,4249,120.5684564,181292
2000-10,2336436070628,3555600,3638370,12231870,12544580,2083510,2003720,1521470,4900460,4803750,619590,426600,9419170,1369780,8.5,9.5004,10.3875,46.8,3711.02,5917,113.0832567,42729,172655.3188,4264,130.1996644,226531
2000-11,,3575360,3658700,12532900,12851030,2141030,2059320,1489420,4933840,4812330,675690,446720,9697150,1336940,8.5,9.0816,10.1079,46.84,3997.99,5929,113.7973089,41600,168744.3256,4698,130.7941834,275254
2000-12,,3678110,3762080,12724120,13048900,2129320,2038490,1617720,4929210,4977030,726290,495280,9858050,1459610,8.5,8.7472,9.9868,46.75,3972.12,5937,111.5493049,42701,171090.9165,3976,129.5456935,297711
2001-01,2313347117714,3604940,3689170,12763580,13090600,2131920,2056890,1526370,4959400,5002830,747410,509550,9897490,1373290,8.5,8.8725,9.4212,46.41,4326.72,5951,110.3889212,42297,170886.1908,4007,130.5563758,283750
2001-02,,3671170,3755350,12906830,13238480,2161350,2083680,1564380,5027900,5047220,776790,521650,10016150,1409220,8.25,8.3299,9.0037,46.61,4247.04,5953,112.810403,39689,172045.112,3457,132.5777405,262306
2001-03,,3794330,3882630,13132040,13476170,2182040,2095500,1662700,5119550,5114340,825500,550410,10164400,1486690,8,8.7472,8.9562,46.64,3604.38,5955,108.5891429,44360,201028.6388,4625,132.4588367,248965
2001-04,2464049772169,3912700,4000250,13505980,13853630,2287090,2206060,1675280,5315820,5168760,872320,562550,10468180,1509000,8,7.7056,8.8021,46.86,3519.16,5961,103.265705,41337,145746.489,4094,132.3993848,185338
2001-05,,3959000,4046830,13694670,14049020,2374110,2286410,1643160,5449590,5149210,801820,521760,10546820,1473430,7.5,7.3735,8.0497,46.99,3631.91,5961,101.929376,43223,170371.7517,4674,132.3399329,151098
2001-06,,3975090,4063600,13843780,14206330,2319400,2223580,1714230,5534320,5194160,799870,523510,10723300,1543910,7.5,7.0832,7.689,47.04,3456.78,5962,95.99534461,40398,169917.1488,4017,132.280481,176716
2001-07,2448234194100,3879970,3970030,13876310,14247860,2279890,2191120,1653850,5598200,5241040,630440,421120,10788220,1482460,7.5,7.0832,7.3768,47.16,3329.28,5962,93.58594499,42223,161962.4173,4923,132.1615772,224432
2001-08,,3897980,3990980,13984920,14366960,2284380,2195720,1665910,5554270,5283400,619230,394650,10937000,1484310,7.5,6.8348,7.1696,47.15,3244.95,5938,92.14933399,42676,172016.2255,4372,134.4207494,196517
2001-09,,3839110,3931340,14078860,14466510,2267890,2184780,1621340,5608230,5435410,614210,386190,11190080,1568350,7.5,7.0004,7.3192,47.86,2811.6,5939,92.08362089,43147,176774.5722,3902,134.5396532,162326
2001-10,2549972613456,3902760,3995480,14208230,14604480,2318650,2239700,1631890,5656250,5476410,607860,354980,11102050,1463860,7.5,6.7107,6.8604,47.97,2989.35,5940,90.18052707,42477,178655.1052,4093,136.9771812,181605
2001-11,,3990920,4083960,14392080,14794110,2389840,2295470,1666520,5794920,5493190,563880,350030,11214060,1500970,5.75,6.5041,6.678,47.99,3287.56,5928,94.7025633,42595,171801.768,4158,137.096085,209685
2001-12,,4046230,4139990,14504870,14915270,2394700,2298700,1722520,5723500,5596730,562580,352840,11289960,1547640,5.5,7.249,7.3768,48.18,3262.33,5795,96.58717973,44477,155787.125,4079,136.1448546,254544
2002-01,2599426980119,4005130,4099720,14584070,15000960,2415640,2333170,1649160,5788040,5685430,534880,341450,11353350,1477860,5.5,6.5454,6.7464,48.58,3311.03,5796,94.99224564,44475,205646.5849,4243,135.6097875,228150
2002-02,,4084840,4179650,14743660,15166340,2475830,2397020,1664780,5837930,5728510,543190,342750,11424660,1489290,5.5,6.2151,6.4169,48.81,3562.31,5798,94.40452308,40829,172213.888,3759,135.1341723,241133
2002-03,,4228240,4328690,14983360,15422620,2509740,2407940,1791990,5895650,5897230,575000,346460,11617910,1593780,5.5,6.1326,6.1571,48.8,3469.35,5782,99.42586734,46652,201942.9047,4433,138.5229306,216839
2002-04,2587067129681,4340780,4440540,15422100,15865420,2609930,2521200,1796150,6049990,5965200,613000,363700,11960070,1621610,5.5,6.1326,6.2248,48.97,3338.16,5784,96.55558496,43470,197467.251,4207,136.9771812,159789
2002-05,,4411270,4510880,16052060,16502670,2673230,2574470,1814270,6332980,6447480,644550,405170,12508060,1621270,5.5,6.5867,6.7692,49.03,3125.73,5784,94.36363463,44175,199988.544,5181,136.9771812,144571
2002-06,,4412930,4512930,16094530,16553210,2656080,2552840,1827930,6348550,6488180,627770,407040,12574820,1641170,5,6.1326,6.349,48.87,3244.7,5786,94.86943329,42208,194123.592,4251,138.9985459,134566
2002-07,2652832224397,4314770,4416820,16141590,16610520,2609900,2516450,1760770,6437530,6511920,611620,397790,12700770,1578630,5,5.803,6.0333,48.68,2987.65,5711,95.35860982,44812,223594.0291,4874,141.7333333,178231
2002-08,,4313720,4417200,16306870,16783450,2606220,2516380,1761850,6399420,6559940,684030,399610,12899050,1618970,5,5.7618,5.9659,48.51,3181.23,5710,96.20528893,44444,219837.03,4861,141.3766219,162594
2002-09,,4329350,4434370,16403760,16888290,2597060,2509930,1784840,6362880,6737530,659700,405410,13072820,1684650,5,5.7618,5.8537,48.38,2991.36,5711,92.56793565,42978,217305.85,5086,141.9711409,163089
2002-10,2748316732788,4420950,4526520,16589030,17081330,2659020,2566830,1821720,6401120,6746450,637440,405590,13075910,1653970,5,5.515,5.6301,48.41,2949.32,5654,95.88987249,45677,229940.7264,5593,143.2196309,213267
2002-11,,4464560,4570670,16735160,17235890,2679860,2586040,1849420,6478890,6836700,634950,403860,13205010,1662800,4.75,5.1043,5.3519,48.27,3228.82,5649,97.62768748,44075,195507.1797,5072,143.160179,245661
2002-12,,4537230,4644410,16819910,17330960,2709120,2612500,1898790,6402970,6922440,623420,391910,13238130,1709650,4.75,5.4739,5.5186,48.03,3377.28,5650,94.23561886,45922,191875.7575,4972,141.9711409,296474
2003-01,2757216783778,4531730,4640410,16937250,17456240,2744710,2654690,1850560,6476210,7069280,606120,385780,13407670,1730080,4.75,5.6384,5.4852,47.8,3250.38,5651,88.07292846,46485,232591.935,5571,143.754698,274215
2003-02,,4648660,4758230,17072830,17608920,2802500,2713810,1902620,6513910,7148890,613480,395440,13413690,1705300,4.75,5.803,5.7977,47.67,3283.66,5647,84.18002902,41049,204645.3564,4631,145.2409955,262692
2003-03,,4735580,4851520,17179360,17732110,2824730,2715810,1987570,6765230,7292150,643760,421840,13448790,1765720,4.75,5.8853,5.8873,47.5,3048.72,5650,85.14683523,46347,245582.6817,5891,151.0672819,218473
2003-04,2866713395440,4933100,5047080,17705340,18263750,2948710,2841690,2060930,7000290,7268430,590240,407790,13869390,1819240,4.75,4.5307,4.8768,47.35,2959.79,5647,88.92413285,44284,204444.3426,5764,151.1267338,160941
2003-05,,4955140,5069380,17846960,18416090,3010640,2892640,2038160,7107290,7303700,638550,416430,13974540,1830750,4.75,4.7764,4.7779,47.03,3180.75,5645,92.87431023,46499,221228.56,6175,147.2029083,141508
2003-06,,5005190,5120490,18023020,18606380,3003550,2874760,2097580,7119260,7328930,616520,411880,14110560,1883960,4.5,4.9403,4.9428,46.47,3607.13,5641,95.2934948,44510,205384.401,5727,146.3111298,176324
2003-07,3034964871590,4894310,5012300,18066440,18666700,2959140,2838690,2015870,7158570,7266530,610990,394150,14181750,1801300,4.5,4.7354,4.7889,46.14,3792.61,5643,91.80253652,44153,214322.14,5784,148.2135906,225359
2003-08,,4895650,5015200,18194330,18806140,2953120,2840180,2020110,7090010,7318010,616280,399660,14373390,1842230,4.5,4.7354,4.9648,45.85,4244.73,5635,89.27464629,44965,207535.9412,5785,148.3324944,204940
2003-09,,4910890,5031570,18315880,18938520,2944000,2835830,2038660,7081190,7504060,631520,409060,14663680,1958950,4.5,4.5717,4.6025,45.85,4453.24,5639,91.49078962,45571,251285.7627,6305,151.3645414,191339
2003-10,3066336439536,5183760,5305940,18648610,19285090,3063190,2936260,2199280,7212900,7623030,555410,363300,14626430,1977580,4.5,4.9403,4.723,45.32,4906.87,5639,93.09615189,46844,254668.7924,7019,150.9483781,260569
2003-11,,5153650,5277550,18749050,19398500,3088110,2971070,2149230,7287260,7692120,534120,364750,14726720,1930100,4.5,4.2446,4.3841,45.94,5044.82,5640,100.4568663,46219,223307.6688,6467,151.7212528,290583
2003-12,,5268690,5394330,18962890,19628000,3123870,3005620,2226420,7171620,7833570,535640,370590,14890360,2008520,4.5,4.2446,4.3079,45.61,5838.96,5644,107.2522861,48391,278913.492,7450,152.8508389,319271
2004-01,3240295494543,5286930,5414020,19226680,19907900,3163820,3060280,2192300,7242700,8033510,531660,378770,15249160,2049860,4.5,4.3263,4.3841,45.31,5695.67,5553,108.4104304,49347,237098.496,6898,155.5856264,337345
2004-02,,5482110,5610800,19593880,20285810,3231710,3128910,2318750,7344480,8201870,543620,383010,15490450,2105360,4.5,4.408,4.4823,45.26,5667.51,5521,110.6130895,46382,281912.4802,6844,155.8828859,331697
2004-03,,5786940,5920610,20056540,20770420,3270280,3149710,2586260,7429040,8407850,558620,381360,15733410,2319200,4.5,4.3672,4.4386,43.39,5590.6,5528,107.7833565,51242,353593.6059,8034,156.1206935,293185
2004-04,3478070694406,5878800,6011930,20581840,21306290,3411350,3296020,2544960,7485740,8649030,575910,407950,16219750,2288550,4.5,4.408,4.4386,44.37,5655.09,5292,101.1305961,48930,247681.4274,6987,55.17136465,223884
2004-05,,5799720,5933410,20562330,21301130,3430950,3315560,2446400,7484790,8639960,573220,394330,16219510,2196110,4.5,4.408,4.4277,45.56,4759.62,5296,87.56079458,47981,269381.5065,8073,55.29026846,185502
2004-06,,5771380,5906630,20631300,21385760,3413440,3297420,2437680,7516790,8788700,588110,395410,16348780,2200370,4.5,4.4898,4.6353,45.98,4795.46,5270,85.20960793,46570,276110.3836,8717,56.36040268,223122
2004-07,3608383599663,5693860,5830740,20626350,21395760,3375570,3263220,2385270,7554700,8897440,554360,379220,16575240,2237090,4.5,4.4898,4.6244,46.45,5170.32,4729,92.90989147,50283,267998.1183,7872,57.25218121,272456
2004-08,,5868630,6006960,20831610,21615220,3363880,3260090,2563910,7539520,9082220,569620,389600,16612750,2275690,4.5,4.6945,5.3852,46.34,5192.08,4735,89.22127398,48325,277144.526,8132,58.97628635,253301
2004-09,,5782060,5921320,20895610,21692290,3371800,3265800,2472430,7404880,9332050,588510,368380,16732430,2311450,4.75,5.0223,5.3741,46.16,5583.61,4733,93.52022233,49059,318653.1612,9420,59.33299776,226773
2004-10,3705738977193,6127500,6267610,21132980,21942980,3421640,3307020,2755750,7527300,9907570,668570,365600,16881630,2528980,5,5.3653,5.6903,45.45,5672.27,4721,90.06559671,48484,298149.7245,8989,59.21409396,307447
2004-11,,6068940,6209700,21196110,22017250,3549150,3426570,2598580,7463970,10070980,680430,360340,16812900,2367320,5,5.283,5.6791,44.75,6234.29,4725,97.42462947,47792,319100.295,9358,61.71107383,385238
2004-12,,6100060,6242260,21446930,22283400,3536450,3420500,2632600,7328240,10455500,740840,379030,17422710,2629760,5,5.4065,5.7351,43.58,6602.69,4730,97.90431029,50543,322582.379,10457,61.35436242,417527
2005-01,3849073043340,6172900,6316410,22062200,22910280,3579940,3470680,2647370,7619420,10480240,682810,370470,17421060,2492810,5,5.3241,5.7688,43.69,6555.94,4730,94.63765136,50525.75,357381.31,11009,62.95956376,385977
2005-02,,6279700,6424970,22151250,23009930,3612540,3497300,2738950,7546700,10671150,651480,366500,17652560,2565230,5,5.2418,5.6456,43.64,6713.86,4732,91.57234155,46015.76,350610.8868,10357,63.25682327,369844
2005-03,,6497660,6650670,22456530,23343000,3686610,3563140,2869980,7524360,11004280,687190,378300,17708980,2553650,5,5.3241,5.6567,43.75,6492.82,4731,92.91137239,52923.52,442616.8455,12369,63.25682327,352094
2005-04,4027886723060,6773100,6926380,23314060,24211240,3843190,3718840,3009650,7717170,11279820,805950,389440,18447510,2711000,5,5.1183,5.6008,43.65,6154.44,4736,90.83530263,50413.2,335169.792,11336,63.67298658,248416
2005-05,,6691520,6845140,23299370,24212430,3898390,3772540,2875970,7617410,11410730,793170,407350,18501850,2610970,5,5.2006,5.5896,43.69,6715.11,4734,92.99204221,52942.57,346277.5815,13232,63.73243848,225394
2005-06,,6780040,6934560,23465640,24394340,3885390,3757450,2978230,7592100,11612030,820180,401700,18643590,2714540,5,5.3653,5.6232,43.51,7193.85,4738,95.64323159,50948.85,343538.8785,11803,64.74312081,246970
2005-07,4180657225811,6740090,6897920,23584460,24528220,3843360,3714060,2976690,7634200,11859400,827920,400590,19042500,2917680,5,5.4889,5.8923,43.49,7635.42,4743,92.87568534,49781.12,325407.528,11509,66.70503356,307870
2005-08,,6824940,6984560,23855450,24814300,3843720,3719240,3057890,7572550,12018320,847640,410430,19162550,2847420,5,5.2006,5.6232,44.04,7805.43,4752,97.57317711,52145.22,373267.05,12760,66.64558166,273856
2005-09,,7098330,7259780,24696300,25668780,3790590,3648380,3398030,7545890,12762380,785240,416920,19952950,3130920,5,5.4889,5.7912,43.99,8634.48,4746,92.43294246,48694.51,370807.3134,12896,68.78585011,257184
2005-10,4328715030195,7087280,7249670,24710030,25694210,3942820,3807290,3233890,7653360,12873240,789960,410530,19856140,2965580,5,5.5714,5.8361,45.11,7892.32,4748,94.18179383,52217.68,385899.165,11883,69.32091723,347757
2005-11,,7170350,7333450,24888050,25885760,4017420,3881570,3240710,7667610,13072410,828610,426940,19922570,2963970,5,5.7364,5.9372,45.94,8788.81,4756,97.93061341,49405.33,332790.5295,11326,69.26146532,423837
2005-12,,7373220,7536650,25155410,26167400,4082140,3950350,3378430,7490340,13579200,725610,374450,20136430,3265200,5,6.1081,6.174,45.07,9397.93,4763,103.2863232,52257.1,420777.0755,12390,69.14256152,479411
2006-01,4474917679945,7469870,7634000,25227660,26245980,4161610,4027760,3396550,7764830,13706110,736800,361520,20239390,3189960,5,6.6877,6.2985,44.07,9919.89,4772,110.349149,53759.59,405234.768,12894,69.02365772,459489
2006-02,,7703810,7867740,25679600,26700810,4239080,4103610,3552250,7739490,14072540,722000,326340,20547600,3287890,5,6.6877,6.8106,44.44,10370.24,4782,113.0035868,50225.43,400502.65,11535,69.49927293,439090
2006-03,,8263890,8431790,27194930,28234110,4295780,4121240,4074230,7594160,15070770,778720,397500,21858100,3741250,5,6.1081,6.4232,44.61,11279.96,4781,109.7033682,54719.87,512589.3058,14314,69.73708054,391009
2006-04,4538869664807,8517280,8684310,27634910,28681910,4463760,4317270,4133830,7993790,14857780,712970,350980,22105890,3803860,5,5.4065,5.9035,44.97,12042.56,4796,109.9135361,53394.94,386611.3125,12924.5,69.91543624,309208
2006-05,,8160690,8326940,27702920,28761440,4516410,4362450,3734410,7886890,14934330,724360,340820,22123870,3403980,5,5.7364,6.4346,46.43,10398.61,4801,104.8128272,55630.76,456916.9902,15106,70.45050336,255008
2006-06,,8065310,8232250,27745550,28817260,4529180,4371350,3641680,7836370,15514830,736330,352550,22694140,3556890,5,6.3563,7.0513,46.08,10609.25,4793,106.871721,53450.57,478159.212,14400.1,72.2340604,278370
2006-07,4669106295394,8092730,8261550,28273000,29357920,4502450,4353880,3681570,7989180,15563430,717280,342890,22798440,3392610,5,6.4391,7.0169,46.51,10743.88,4793,102.6733341,54224.21,491500.1368,14985.4,72.82857942,337332
2006-08,,8245530,8415870,28848000,29947310,4536500,4378390,3809480,7965520,15785850,767790,352490,23129230,3398450,5,6.4391,6.9251,46.55,11699.05,4785,103.1865045,54295.83,500201.274,15326.7,73.06638702,304387
2006-09,,8479600,8651520,29416570,30526800,4508590,4343120,4079720,7974930,16614910,793230,368760,23876430,3757030,5,6.6048,6.9022,45.96,12454.42,4785,107.9575707,54289.27,494930.3475,17351.1,73.48255034,297891
2006-10,4968115961477,8555720,8729410,29363870,30483840,4708420,4516000,3989780,8038980,16540890,798060,360160,23628760,3662080,5,6.6462,6.9939,45.02,12961.9,4790,110.9601547,57292.46,450313.6387,17512.4,73.36364653,391399
2006-11,,8558610,8734140,29817720,30950120,4685460,4523560,3982440,8036290,16832570,773060,357670,24070890,3654610,5,6.6877,6.9824,44.76,13696.31,4786,110.7744644,53745.3,446335.6506,16381.2,72.88803132,442413
2006-12,,8669890,8847730,30058300,31201950,4776920,4617840,4000300,7842430,17700150,827180,348850,24647080,3977770,5.25,7.1858,7.2354,44.23,13786.91,4796,110.667953,57025.49,481956.4808,15679.6,71.52063758,541571
2007-01,5186677792068,8771230,8952840,30672750,31820340,4882610,4719870,3995780,8051360,17807250,765590,367790,24858360,3773180,5.5,7.5602,7.6985,44.17,14090.92,4802,112.8118752,58196.54,484809.3954,14446.9,71.52063758,535631
2007-02,,9245110,9427830,31388370,32536410,4989510,4826660,4371680,8054630,18188430,806690,381820,25484790,4095620,5.75,7.4769,7.7334,44.31,12938.09,4816,105.5080818,51902.33,464898.7434,14484.7,70.86666667,501692
2007-03,,9679250,9864900,33100380,34255870,5040990,4828540,4776040,8276260,19311890,915410,436200,26946780,4405430,6,7.977,7.9782,43.59,13072.1,4821,103.5852162,59075.26,563290.8006,17136.6,70.50995526,472494
2007-04,5359336049658,9327990,9512470,33064350,34220240,5208990,5027380,4231200,8609970,18878370,902990,402550,26749440,3871020,6.5,7.3521,7.745,41.29,13872.37,4821,103.929449,58030.51,475924.9517,18370.6,70.62885906,350550
2007-05,,9228820,9413840,33219310,34380660,5228580,5040660,4134970,8549060,18837200,857470,387510,26923670,3777950,6.5,7.3937,7.8032,40.73,14544.46,4833,106.3089197,60821.56,505310.311,21149.5,70.68831096,277017
2007-06,,9410020,9596010,33811450,34977180,5210640,5014030,4325670,8552710,19174560,828050,378210,27921160,4106500,6.5,7.3937,7.652,40.75,14650.51,4842,99.44557387,57078.09,491185.6405,20016,70.68831096,310364
2007-07,5547507573360,9464090,9651800,34558610,35727350,5146380,4956070,4384780,9093890,19145140,831350,412840,28580890,4347800,6.5,4.4612,6.5824,40.44,15550.99,4853,99.3258882,58301,503958.1415,21128.6,70.80721477,399866
2007-08,,9319340,9508310,34858150,36027010,5066880,4865370,4403850,8767070,19623090,810550,374490,28634370,4038660,7,7.1027,7.5244,40.96,15318.6,4867,101.0198596,59278.29,514208.2315,20365.9,71.04502237,358446
2007-09,,9835110,10024640,35850090,37018910,5076670,4865010,4914560,8713660,20374800,902160,422380,29617590,4556580,7,7.1858,7.5012,39.74,17291.1,4871,102.4279509,56641.17,503028.4629,18217.5,70.98557047,301892
2007-10,5752180623181,9681950,9871870,36152140,37321000,5270210,5060790,4572860,8481910,20267090,829110,387770,29696460,4201740,7,7.3105,7.3624,39.32,19837.99,4867,106.507663,59702.74,577685.7077,21832.6,71.22337808,444564
2007-11,,10125680,10315830,36803440,37973380,5472050,5251050,4827060,8609810,20970080,807780,398350,30429730,4572450,7.5,7.5186,7.745,39.67,19363.19,4879,105.9922089,56845.71,507680.1683,22104.1,71.81789709,532428
2007-12,,10239560,10431950,37055140,38224150,5544480,5341050,4851150,8354290,21492850,888370,405650,30470780,4553420,7.5,7.3521,7.6636,39.41,20286.99,4887,107.8492708,59236.13,575879.0625,20116.9,72.59077181,596560
2008-01,5841044733153,10528090,10721290,38043340,39202050,5663890,5443090,5037670,8374780,21858980,911470,424050,32082290,5678630,7.5,7.2689,7.4896,39.39,17648.71,4895,103.1878689,60331.57,584659.2232,22844.4,73.00693512,511781
2008-02,,10684680,10878420,38818760,39964550,5754340,5543480,5091380,8569200,22547600,871820,433570,31856940,4708910,7.5,7.4353,7.5476,39.92,17578.72,4888,106.7612516,56978.43,599712.5607,20804.4,73.72035794,611493
2008-03,,11558100,11755990,40178550,41327060,5908000,5684100,5783720,8995180,23619140,1017240,503060,32970740,5359300,7.5,7.2274,7.3508,39.97,15644.44,4887,102.8591844,61223.82,692665.2808,23573.7,75.7417226,479765
2008-04,6060941107958,11092120,11288580,40375830,41520800,6109480,5894380,5136170,8993350,23251340,920710,471540,33046080,4733560,7.75,7.3521,7.6869,40.46,17287.31,4895,101.1704098,58815.18,737803.1147,30316.9,77.40637584,361101
2008-05,,11140930,11338870,40956910,42108220,6250790,6025980,5053110,9216950,23715790,1040080,462060,33556790,4705590,8.25,7.4769,7.6636,42.59,16415.57,4901,99.76629037,62028.45,784872.7045,29443.6,78.11979866,304361
2008-06,,11081410,11281910,41071330,42226040,6276600,6041820,4990470,9356420,24140250,1162720,504230,33799200,4731680,8.25,8.7293,8.2477,42.95,13461.6,4909,93.00514066,58533.74,820238.581,28950.6,84.24334452,341539
2008-07,6022264691081,11063100,11266090,41489870,42647010,6258430,6028850,4983570,9675830,23993470,1158610,431910,34088650,4592410,8.75,9.3584,9.5552,42.49,14355.75,4917,97.02497876,60896.7,812649.4621,31625.5,85.13512304,431933
2008-08,,11134390,11338010,42261710,43416780,6113280,5867080,5215150,9709250,24607540,1074750,434650,34938810,4811320,9,9.0646,9.1835,43.79,14564.53,4924,95.35970943,59732.66,761975.198,33523.2,86.56196868,383337
2008-09,,11433910,11640440,42835140,43989650,6131440,5861460,5518180,9672960,25510260,1100400,460460,35451510,5105550,9,8.5619,8.8025,46.94,12860.43,4926,94.16860179,59120.24,718877.723,31135.7,85.96744966,341693
2008-10,5893739843979,11321670,11531890,43579370,44733780,6385790,6108600,5163010,9907640,26486600,1325290,487600,36221740,4868860,6,7.4353,7.3971,49.25,9788.06,4927,86.30194554,62338.08,686975.9074,25869.3,85.07567114,450013
2008-11,,11182290,11392520,43888400,45039970,6456320,6189870,4943350,10493360,26425430,1319650,499900,36501620,4655800,5.5,7.1443,7.0858,49.84,9092.72,4928,83.85568142,58347.46,545346.1826,23488.2,80.97348993,531683
2008-12,,11286750,11499910,44439930,45589810,6514200,6265500,4896610,10966310,26472410,1085250,503040,36781960,4717860,5.5,4.7074,4.78,48.45,9647.31,4921,81.4503628,60141.48,648534.1602,19456.3,76.75240492,533904
2009-01,5312254923133,11557220,11773760,45747790,46887440,6591430,6337300,5154440,11711700,26377800,995400,484900,37796700,4731970,5,4.7895,4.5932,49.02,9424.24,4925,80.49569471,61443.57,626713.8655,18228.2,75.62281879,481308
2009-02,,11862310,12081300,46645700,47780410,6752270,6500210,5302750,11968370,26679280,1063700,483190,38488550,4866080,5,4.7484,4.6481,50.73,8891.61,4924,80.97723551,57338.7,588070.2196,15062.2,73.72035794,489787
2009-03,,12596710,12823610,47947750,49088510,6911530,6654500,5886880,12773330,27755490,1044190,531340,39526030,5347910,5,4.9538,5.5003,50.95,9708.5,4929,84.12905536,65057.36,660398.7943,16596.6,73.18529083,442062
2009-04,5956750186015,12557340,12784780,49017150,50156090,7144220,6871270,5589260,13386730,27444900,1021660,553770,40432500,5127490,5,3.3162,3.7555,50.22,11403.25,4930,89.58645417,62779.93,623354.5884,19340.7,73.83926174,347544
2009-05,,12649170,12877830,49517200,50658600,7246210,6948700,5653600,13666520,27459780,1009280,539960,40943590,5148840,5,3.3162,3.68,47.29,14625.25,4928,92.78983543,63897.66,597473.415,20036.4,74.19597315,305183
2009-06,,12477210,12707990,49585650,50729940,7208450,6903620,5477770,13981490,27775760,957730,552930,41108500,5143670,5,3.3162,3.9935,47.87,14493.84,4934,95.02324267,63046.04,648661.3037,23055,74.73104027,352353
2009-07,6221932722229,12663240,12894740,50486980,51630070,7038250,6759630,5861450,14223000,28052240,895460,551170,41988850,5399190,5,3.2347,3.7987,48.16,15670.31,4937,97.32565708,63221.93,693579.6871,21723.5,77.58473154,432900
2009-08,,12801160,13033940,50656630,51798620,7065620,6791290,5955830,14367230,28067410,920590,558130,42096190,5498120,5,3.3978,4.3416,48.88,15666.64,4942,99.6437425,65809.88,655438.4364,22448.7,78.17925056,369707
2009-09,,13112940,13351920,51205350,52350780,7219260,6931600,6140970,14698520,28746700,850360,588980,42490670,5670900,5,3.1532,4.3307,48.04,17126.84,4946,100.1680762,63478.63,706237.7161,21527.2,79.01157718,330707
2009-10,6294127766068,13124080,13364090,51828500,52972840,7436920,7129500,5954850,14640620,28871910,820430,539160,43195660,5540830,5,3.2347,4.5384,46.96,15896.28,4951,96.48803988,65101.09,690735.4344,25935.8,79.30883669,458849
2009-11,,13094670,13335360,52306930,53452490,7515590,7237120,5809700,15011070,29091410,766490,522400,43349140,5447800,5,3.2754,4.4508,46.48,16926.22,4955,100.9408316,60141.22,694825.9974,24996.5,80.08171141,541524
2009-12,,13309550,13557570,52453130,53607470,7673670,7382460,5877540,15054510,29719320,883860,562100,43535790,5638270,5,3.6835,4.725,46.68,17464.81,4955,104.3548944,64096.94,767398.0226,28251.4,80.26006711,615775
2010-01,6601770876387,13736220,13986940,53688610,54838330,7726760,7422180,6271120,15622710,30312270,812720,575300,44390560,5773260,5,4.0106,4.67,46.37,16357.96,4962,102.3549638,65346.63,713983.7702,25267,80.73568233,568719
2010-02,,13963810,14217700,54572730,55723500,7862080,7555100,6372070,16041860,30927500,854070,584660,45074390,5855210,5.75,4.1334,5.0116,46.23,16429.55,4971,101.6607093,61315.01,729159.2036,26163.8,81.21129754,552152
2010-03,,14892680,15157260,56026980,57195910,7995490,7674920,7179700,16691860,32447880,1057290,673710,46352250,6604460,5.75,4.3792,5.1445,45.14,17527.77,4975,105.4067335,70193.75,920567.0737,29626.9,83.29211409,512152
2010-04,6685078982976,14556960,14824520,56493360,57668470,8291510,7984100,6536950,17028890,32345950,935870,637570,47051440,6129830,6,4.1743,5.0891,44.44,17558.71,4977,105.9004274,67104.81,806174.1604,31674.9,83.88663311,371956
2010-05,,14737740,15006370,57029140,58210280,8559770,8247640,6452180,17340510,32470610,953110,636250,47156240,6223290,6,5.0361,4.9343,46.45,16944.63,4978,101.7062392,67998.54,790979.858,29747.1,84.89731544,332087
2010-06,,14866500,15138850,57105800,58293930,8644510,8319480,6516230,17202100,33541930,997840,655170,47058080,6052710,6,5.283,5.6456,46.6,17700.9,4986,103.5223453,65414.85,960985.0159,28648.6,85.13512304,384642
2010-07,6898767906817,15126540,15404250,58423830,59618650,8479780,8144280,6937850,17574200,33799990,1033000,658290,48195110,6368600,6,5.736,6.2985,46.46,17868.29,4990,106.3524517,65874.16,792821.2427,29669.9,87.86991051,466715
2010-08,,15048610,15328940,58544530,59746300,8568670,8232570,6776240,17683910,33539770,979990,646240,48185900,6199720,6,6.1908,6.537,47.08,17971.12,4996,104.1702166,66849.51,824692.4592,27107.7,87.98881432,422173
2010-09,,15198310,15481580,58992660,60196730,8606850,8260700,6897310,17647730,34252280,1005510,693390,48556590,6341530,6,6.2735,6.696,44.92,20069.12,4997,105.3908287,64793.99,870860.3082,29511.8,87.75100671,369821
2010-10,7181057760474,15744080,16029720,60804760,62010550,8766810,8407410,7296960,17942590,35266650,1043580,676030,51111280,7557090,6,6.854,7.086,44.54,20032.34,5019,108.1426482,70613.98,846309.8032,32461.7,88.04826622,507093
2010-11,,15860460,16146790,60905750,62114960,9092290,8717670,7107430,18208620,35683800,941880,655370,49389020,6089980,6,6.854,7.201,46.04,19521.25,5022,101.6463018,62272.16,1014328.613,28842.3,88.34552573,608178
2010-12,,15917730,16205660,62251810,63461870,9069730,8686660,7195360,17970930,37653720,1092320,721930,51311150,6604870,6,7.186,7.49,44.81,20509.09,5034,108.8916068,67321.68,1053057.94,31511.1,89.29675615,680004
2011-01,7066700490921,15665070,15955730,62559840,63758890,9249930,8881530,6650240,18378440,37376770,1017760,697570,51326020,6054930,6,7.227,7.594,45.95,18327.76,5047,112.2929551,71654.73,1029640.425,33353.6,89.95072707,622713
2011-02,,15877730,16169270,63667140,64855900,9413700,9053510,6788400,18729570,38130160,1071850,735720,52330800,6184370,6,7.144,7.675,45.18,17823.4,5054,105.9824168,65708.32,1054778.408,32973.4,91.2586689,627719
2011-03,,16383450,16684460,65041160,66239480,9496600,9118360,7228560,19838960,39420830,1134300,765310,53551600,6565510,6,7.31,7.64,44.65,19445.22,5067,108.0624232,75536.06,1366225.635,34267,93.69619687,535613
2011-04,7260545862924,16136440,16436930,66494040,67689260,9830430,9468840,6634550,20069130,39230630,1119420,736010,55011990,6189170,6,7.519,7.757,44.38,19135.96,5069,105.6426869,71425.76,1039723.414,36595.8615,94.825783,446511
2011-05,,16064810,16364350,66714950,67910320,10005050,9614140,6420900,20519390,39573650,1025420,708040,54764680,5759280,6,8.144,8.295,45.03,18503.28,5078,101.6610019,75009.28,1190898.203,45254.24015,95.36085011,383439
2011-06,,15923670,16230100,66966070,68170100,10008810,9614490,6289840,20718990,40144240,1142390,749730,55230950,5765450,6,8.186,8.295,44.72,18845.87,5085,99.54660866,70600.67,1189107.981,40849.47,96.07427293,405464
2011-07,7402291568262,15816640,16119940,68150400,69349670,9755190,9349120,6453740,21466020,40113680,1083270,720610,56385700,5817990,6,8.3946,8.495,44.1553,18197.2,5096,100.3109441,74425.21,1173232.449,41105.88012,98.45234899,475544
2011-08,,15843240,16146100,68521310,69718820,9830630,9424100,6391490,21622280,40476300,1084400,744920,56674500,5760500,6,8.3946,8.3065,46.019,16676.75,5086,96.3870501,73101.19,1122340.708,39984.68784,99.34412752,428490
2011-09,,15828120,16132550,68787790,69984020,9821440,9411990,6392980,21522940,42232850,1113620,787570,58705330,6627580,6,8.4364,8.4595,48.9253,16453.76,5092,94.66402487,70497.5,1266716.772,39756.06996,100.0575503,417478
2011-10,7568755713216,15995460,16302100,69846200,71046080,9968220,9520280,6463760,21954160,41574490,1103480,726140,58009380,5967990,6,8.6456,8.684,48.873,17705.01,5102,97.83072585,74434.13,1162742.695,41175.06075,101.0682327,559641
2011-11,,16152420,16464690,70335340,71538940,10210180,9770480,6370350,22235550,42060840,1040880,716140,58212350,5872270,6,8.8131,8.4477,52.165,16123.46,5105,99.60709375,71234.39,1179273.798,39102.47935,102.0194631,669767
2011-12,,16978150,17296530,72213420,73426780,10198010,9766100,7189780,22409460,43668780,1221070,774150,59940250,6553930,6,8.4782,8.3535,53.266,15454.92,5112,96.06904013,73303.01,1328715.912,40044.05837,102.673434,736843
2012-01,7745733590598,16720390,17046240,71848300,73063530,10377320,9954240,6739550,23067910,43527290,1207280,769370,59359810,6098230,5.5,8.7293,8.4713,49.6825,17193.55,5115,96.25753773,73928.81,1294369.645,42952.46934,105.2298658,681002
2012-02,,16915810,17245670,72530520,73749350,10566460,10146500,6758390,23314510,44090950,1210270,808310,59863110,6117840,5.5,9.0646,8.5067,48.9408,17752.68,5122,99.03676323,71371.3,1239091.834,40118.53652,105.0515101,681193
2012-03,,17373940,17714640,73848310,75089810,10672300,10236700,7109020,23737310,46118520,1256080,874480,60777930,6401650,4.75,9.0227,8.4006,51.1565,17404.2,5133,95.72565234,77619.12,1452451.611,42380.69,105.705481,606456
2012-04,7825732345306,17484230,17825200,75317320,76566080,11082320,10648550,6820090,24665130,46111730,1320500,836840,62252400,6221630,4.75,8.3946,8.1656,52.5193,17318.81,5133,98.36408402,75261.21,1229801.041,38171.03758,106.3,447581
2012-05,,17505020,17849610,75952270,77216500,11270500,10822620,6668170,24834990,46628120,1177300,815780,62588560,6042900,4.75,8.3946,8.283,56.4225,16218.53,5140,96.3639139,79432.56,1348583.327,42187.32125,106.7,374476
2012-06,,18079610,18428510,77562280,78841630,11176490,10697160,7363460,25365310,47630380,1222840,834720,64086420,6671850,4.75,8.311,8.1187,56.309,17429.98,5141,97.81158323,76803.26,1394323.1,36157.37068,105.5,433390
2012-07,7825459158906,17398040,17752440,77666670,78961350,11022630,10583710,6788570,25711140,47044970,1138480,785090,64258940,6092500,4.75,8.1439,7.9782,55.807,17236.18,5149,95.14125742,76470.66,1280305.977,40619.44456,103.5,485808
2012-08,,17568660,17927780,78178420,79487560,11186540,10657860,6890930,26022770,47616770,1108330,799670,65253350,6291240,4.75,8.2275,8.1187,55.7215,17429.56,5157,92.8269912,74498.36,1283812.977,37307.26575,104.8,445632
2012-09,,17468710,17831650,78165920,79489850,11098550,10637110,6814930,25900690,48856190,1142270,832310,66722730,7091320,4.5,8.1439,8.0601,52.697,18762.74,5163,92.93470639,73268.91,1353423.833,42051.44838,108.1,411562
2012-10,7819577981736,17337980,17703310,79165080,80502200,11098180,10653040,6668920,26361310,48184260,1188030,796190,65796490,6203510,4.5,8.1439,8.1069,54.1175,18505.38,5171,96.22756623,78526.93,1276135.017,44243.75208,107.5,556488
2012-11,,17947910,18315710,79931520,81281460,11405630,10873040,7051110,26117610,49587900,1210620,817210,66242290,6387350,4.25,8.1857,8.1069,54.5265,19339.9,5180,96.82029181,72965.3,1273791.051,40454.0064,106.7,701185
2012-12,,18128740,18501190,80336620,81701380,11421070,10914320,7199420,25977590,50258720,1251820,826810,66609110,6532880,4.25,8.1857,8.0133,54.7773,19426.71,5191,98.32801073,77117.35,1391178.162,43050.57367,107.1,752972
2013-01,7987162462053,18040530,18417170,81157950,82530000,11586450,11089390,6936130,26617170,50509150,1236830,816060,67172270,6260840,4.25,7.9353,7.8382,53.289,19894.98,5195,102.5183256,78616,1397762.842,44754.68125,108.9,720321
2013-02,,18422670,18802900,81740830,83119910,11785370,11257500,7150100,26694650,51272640,1338230,820570,67553830,6464440,4,8.1022,7.8965,53.7735,18861.54,5197,97.44722857,68762.88,1434990.509,40791.99,109.8,688569
2013-03,,18975260,19353760,83898190,85286620,11909750,11410610,7532250,27090110,52604590,1368210,879250,69419950,6783260,4,8.1857,7.7916,54.3893,18835.77,5211,99.84385335,80333.28,1662152.102,40947.79,109.8,639530
2013-04,7952840207908,19015760,19392050,85029030,86421560,12258490,11801510,7193590,27743660,52852470,1248330,914260,70215730,6614120,4,7.5602,7.478,54.219,19504.18,5224,97.78075885,77870.37,1332261.278,41577.14949,108,450580
2013-05,,19231900,19608000,86276790,87681870,12284450,11763610,7424710,28436600,53687780,1401360,941010,71442370,6711140,4,7.3105,7.2931,56.4958,19760.3,5230,101.3853767,84349.87,1370375.364,43987.09793,105.2,417453
2013-06,,19714400,20092640,87405710,88827110,12176630,11665130,8025280,29282730,54045620,1121630,766850,72697070,7329830,4,7.4769,7.5012,59.6995,19395.81,5241,96.72782815,76827.07,1401111.252,35304.35622,107.9,451223
2013-07,7926231401038,19075480,19455580,87329720,88765270,12063040,11579400,7474240,29691270,53956260,1064280,710070,72676540,6768370,4,11.2573,10.4649,61.115,19345.7,5249,98.28242633,80482.31,1543927.768,38326.44782,112,506427
2013-08,,19036250,19419350,87619100,89071340,12137200,11632170,7349780,29331570,55367840,1064770,721740,73439630,7003670,4,12.0218,9.9415,66.5742,18619.72,5257,97.64845083,79811.06,1654312.071,37026.02322,114.2,486338
2013-09,,19105080,19492270,88330810,89799660,12156250,11664190,7399610,29168550,56199110,1113020,749040,74345760,7034560,4,9.6947,9.4591,62.777,19379.77,5267,103.3152808,82684.74,1790793.871,34258.24366,119.2,453561
2013-10,8042879571326,19294440,19684020,90048380,91533130,12424960,11886220,7370920,29973330,55908430,1002770,747030,75172830,6762140,4,8.6038,8.5776,61.41,21164.52,5277,100.8474609,79567.7,1692938.123,38075.01666,117,598095
2013-11,,19636730,20029120,91825570,93327560,12617680,12078350,7478950,30019330,56464810,1143310,762840,76504660,6785110,4,8.9388,8.9332,62.3948,20791.93,5286,104.5711069,77569.49,1513047.761,33772.91606,116.2,733923
2013-12,,19896860,20296910,92229920,93756820,12685210,12136640,7735350,29616130,57413420,1157350,764930,76812760,7025240,4,8.6875,8.8381,61.897,21170.68,5294,103.0503197,82946.92,1631381.375,36580.09366,118.3,821581
2014-01,8027291918728,20083190,20494400,92958750,94498670,12791640,12275210,7783640,30001270,58454590,1076780,748940,77934210,7193070,4,8.8969,8.6722,62.4768,20513.85,5305,100.3743548,83728.29,1670120.221,36346.32445,119.9,757786
2014-02,,20191860,20609950,93638000,95191770,12919390,12393840,7782930,30276540,59330250,1181650,784990,78691260,7462390,4,9.1485,9.0046,62.072,21120.12,5319,99.08815142,76675.06,1576063.882,33665.55,118.9,755678
2014-03,,20597620,21027790,95173860,96752940,13010740,12458190,8119780,30448700,59940960,1308700,821730,79200840,7312490,4,8.855,8.8857,60.0998,22386.27,5336,100.7146619,84637.44,1849212.96,41294.46,119.3,690441
2014-04,8121775215450,21206280,21641330,96875350,98469530,13450880,12909280,8273570,30550770,60134720,1288670,875960,80541260,7591010,4,8.855,8.9213,60.3375,22417.8,5355,101.7003925,87152.23,1558599.082,35795.63828,116.5,535321
2014-05,,21573860,22010910,97663510,99274660,13657300,13091990,8460680,30989580,60415200,1297200,873200,81059740,7685140,4,8.6456,8.6959,59.0335,24217.34,5379,104.1740114,89995.49,1661100.89,39058.85464,116.2,465043
2014-06,,21476740,21914680,97740400,99365530,13592950,13020040,8449870,30883970,60949440,1287420,905750,81224610,7676990,4,8.5619,8.6959,60.0933,25413.78,5406,107.2995342,88852.87,1548771.139,38352.39011,115.1,502028
2014-07,8264073430583,21075300,21519890,98189130,99832430,13488400,12936470,8057480,29796500,60842620,1363990,1032740,81758220,7307530,4,8.6456,8.6959,60.246,25894.97,5433,111.4999887,89957.13,1551409.969,40068.00507,117.1,568871
2014-08,,21103960,21550060,98848100,100504420,13502870,12924070,8114580,30141640,61114940,1415800,1079370,82928790,7610620,4,8.6038,8.684,60.4745,26638.11,5458,111.40889,90067.53,1632957.984,37472.7822,116.6,575750
2014-09,,21142410,21590150,99317010,100984440,13440050,12878380,8193000,30294600,61617710,1476020,1104840,83543990,7776090,4,8.5201,8.6603,61.6135,26630.51,5476,107.4623384,85928.86,1759310.48,43341.74837,114.9,509142
2014-10,8111181521809,21493060,21943800,101202260,102883280,13671760,13005170,8407220,31082120,62441920,1472840,1110840,84512540,7665880,4,8.4364,8.4124,61.408,27865.83,5498,105.5904601,90500.03,1590303.536,39468.75546,112.6,668398
2014-11,,21698960,22148190,101656970,103345880,13694820,13091250,8520430,31141170,62553480,1563280,1111480,84909010,7793810,4,8.2692,8.2947,61.9736,28693.99,5518,107.5675648,85274.98,1634781.986,42722.49263,106.6,765497
2014-12,,21885760,22339790,102108420,103813880,13898850,13264610,8539770,30760950,63185240,1558700,1117340,85122410,7802650,4,8.311,8.2242,63.3315,27499.42,5541,103.6322238,86922.07,1641219.973,35333.27202,101.3,885144
2015-01,8283930785157,21884170,22345910,103014330,104726200,14103260,13509930,8290750,30922010,63869750,1611380,1129530,86387450,7947300,4,8.2275,7.9082,61.7575,29182.95,5575,103.3315761,86479.52,1516914.499,32265.37127,94.5,790854
2015-02,,22349960,22814230,104093530,105809630,14333040,13741730,8527800,31333380,64597160,1576210,1117610,87304340,8116020,4,8.3946,8.0367,61.7908,29361.5,5596,104.9748587,81204.45,1364289.685,28725.3781,88.5,761007
2015-03,,22924040,23398320,105501680,107238960,14483120,13861820,8916320,30073940,66200720,1642770,1216380,89134490,9064290,4,8.2692,7.9782,62.5908,27957.49,5624,99.94283113,86337.81,1501667.449,35428.72022,92,729154
2015-04,8371177701090,23360140,23841940,107319090,109069400,14941520,14321640,8946270,31720880,65732630,1625050,1202880,89379130,8384470,4,7.9353,7.9082,63.578,27011.31,5650,99.08366542,86695.05,1386706.062,33506.50509,91.3,541551
2015-05,,23663020,24152110,108180490,109951720,15116900,14462180,9088000,31908030,66063440,1712410,1244590,89702770,8290060,4,7.8519,7.8265,63.7615,27828.44,5672,102.4827526,95401.76,1435440.344,32837.75729,95.5,509869
2015-06,,23448830,23945960,108111670,109909530,14974310,14309910,9048450,32046150,66306240,1671020,1242440,89795300,8247910,4,7.6851,7.7217,63.7549,27780.83,5688,99.694491,89907.55,1423827.124,33536.23371,96.4,512341
2015-07,8604569497483,23320470,23828940,109076930,110903740,14878340,14247050,8872740,32846500,66918000,1727860,1344680,91820230,8605000,4,7.4769,7.6172,64.0054,28114.56,5725,100.2529926,93141.73,1480789.411,36372.06989,93.8,628323
2015-08,,23405240,23922520,109795360,111646890,14867860,14233160,9020770,33055310,66489900,1743840,1352810,91674170,8472680,4,7.4353,7.536,66.3062,26283.09,5752,100.8862279,95120.32,1404969.649,33981.72868,87.6,599478
2015-09,,23490660,24014170,109902930,111776900,14998710,14340450,8995140,32260570,67022100,1807060,1313980,91852280,8387710,4,7.0612,7.1663,65.7418,26154.83,5763,102.7851514,95741,1447086.521,32036.4455,85.7,542600
2015-10,8914493409557,24030350,24569230,111972610,113877980,15160690,14449910,9426820,32802930,67946260,2185380,1534910,93336530,8651310,4,7.1027,7.1778,65.2231,26656.83,5788,104.2021314,98631.08,1395209.346,31148.32875,85.6,683286
2015-11,,24226250,24776890,112251420,114189880,15547170,14812110,9263770,33109910,68391540,2153700,1554420,93157200,8494650,4,7.1443,7.2354,66.8148,26145.67,5806,97.38435377,85905.93,1292976.62,29896.40497,85.5,815947
2015-12,,24581540,25149050,113044860,115023590,15698980,14997480,9440620,32549220,69882490,2313700,1558550,93754090,8669270,4,7.2274,7.247,66.326,26117.54,5835,98.2082033,89626.43,1502509.965,34096.49004,84.8,912723
2016-01,9031589967870,24415470,25002230,114203150,116210020,15871340,15172750,9116120,32924980,70945980,2265720,1596210,95329650,8800830,4,7.3105,7.2124,67.8763,24870.69,5859,97.74824476,92128.86,1427398.22,28866.53078,79.8,844533
2016-02,,25255480,25862110,115608940,117647960,16241140,15587270,9396920,33389020,71729750,2211320,1614250,95671330,8854890,4,7.3521,7.2816,68.616,23002,5883,101.0287832,89011.17,1422501.798,27418.97999,75.5,848782
2016-03,,26025380,26641050,116176150,118260260,16634630,15972540,9898340,32384840,72496150,2312390,1583230,95756350,9095810,4,7.2689,7.1088,66.3329,25341.86,5911,102.6599534,96511.4,1532587.069,27310.28082,76.5,809107
2016-04,9474176858521,26712970,27359980,118860470,120981900,17201160,16486250,10093600,35015860,72322950,2329400,1604400,97840320,9258130,4,6.8121,6.9137,66.5176,25606.62,5928,104.1673711,99345.22,1385791.473,25689.17756,78.3,592004
2016-05,,26546650,27214590,118901020,121053190,17334560,16603260,9810360,35563300,72264410,2275930,1536820,97723810,8966550,4,6.8536,6.9595,67.203,26667.96,5948,102.932923,99903.12,1498794.916,28286.23341,81.3,527466
2016-06,,26652970,27331320,119240410,121422030,17331080,16618920,9901500,36016030,72279600,2243150,1472310,98035810,9059380,4,6.7292,6.9022,67.6166,26999.72,5962,105.318522,97325.65,1523939.159,30917.01308,85.2,546972
2016-07,9373841703812,26487810,27180200,120064810,122273870,17363640,16621650,9730240,36837610,72569790,2136090,1533130,99524540,9222810,4,6.5634,6.7421,67.034,28051.86,5985,101.470979,94606.32,1456809.527,29305.24816,84.7,733834
2016-08,,26832880,27540490,120756640,122994080,17449200,16738790,9954110,36973830,72409560,2262810,1568020,99924870,9396160,4,6.5634,6.6736,66.9813,28452.17,5816,100.1269729,95221.41,1444920.66,29303.19899,81.1,652111
2016-09,,28285500,28999710,124899940,127156610,17278780,16564780,11534710,37519510,74948680,2307320,1653410,103623850,10661770,4,6.5219,6.5824,66.6596,27865.96,5843,102.914871,98072.39,1519011.233,31840.48148,83.2,608177
2016-10,9483757313875,27587070,28307630,123649090,125926940,17775350,17022100,10405350,37263540,73844140,2315340,1646740,102001890,9561240,4,6.3563,6.4573,66.8566,27930.21,5867,101.8748303,99779.91,1559122.452,34495.09201,84.6,741770
2016-11,,21031200,21956760,121313880,123835810,11884180,8962560,11917840,40376350,72617540,2505410,1963480,107732230,11062700,4,5.9428,5.9598,68.526,26652.81,5870,101.1398452,93568.61,1357271.64,33461.86521,87.3,878280
2016-12,,19945730,20883210,120057790,122607400,9432090,7858590,11934540,38111850,74100620,2349050,1873160,108578840,11648520,4,6.2735,6.3438,67.9547,26626.46,5820,95.87357102,95251.6,1631154.285,34602.46992,88.4,1021375
2017-01,9543897128792,20969330,21900250,121067370,123609540,9876780,9134800,11679250,39194030,73971280,2237610,1744350,107517460,11124060,4,6.2322,6.2532,67.8125,27655.96,5795,97.86862107,95690.06,1521289.225,32261.13936,93.1,964109
2017-02,,22510200,23436580,122623350,125167680,11317370,10644880,11709000,40296770,74345050,2175310,1671890,107189090,10928940,4,6.1495,6.2985,66.7375,28743.32,5807,101.4267796,89285.92,1633124.958,34248.43705,94.5,931025
2017-03,,26819570,27740210,127919400,130481450,13352660,12641240,13967410,38566070,78414660,2397730,1765510,110485710,13104750,4,5.8189,6.1401,64.8386,29620.5,5834,107.5152204,102090.73,1901172.137,39946.6721,93.6,885936
2017-04,9630473928442,26109260,27040530,126838770,129424990,14321140,13621930,12310690,41076030,75823910,2454110,1726820,108505760,11437570,4,6.1908,6.4459,64.217,29918.4,5828,104.8427259,103159.76,1586231.268,38834.65041,91.7,717899
2017-05,,26219960,27155650,126717220,129330310,14880000,14133120,11909100,41049400,75694580,2241270,1658110,107810500,11030330,4,6.3149,6.4686,64.5459,31145.8,5783,100.3446651,107294.92,1542656.041,38278.74289,90.9,622408
2017-06,,27010050,27956750,127584600,130231740,15327570,14526530,12281760,40936300,78198070,2171450,1671230,110466940,12746610,4,6.2735,6.3778,64.7379,30921.61,5794,94.86490264,97524.88,1483123.959,37055.02466,89.6,663470
2017-07,10040925816168,26888380,27847260,128081040,130764070,15479810,14694940,12013830,41145370,76702190,2102730,1574180,108930770,11391640,4,6.1495,6.2872,64.0773,32514.94,5811,101.4320972,98106.69,1436180.615,34215.04181,88.4,779309
2017-08,,27276950,28245790,128826580,131543800,15711400,14896460,12175660,41570390,76911940,2039940,1523780,108864800,11248370,4,6.1081,6.2532,64.0154,31730.49,5627,106.4946235,102673.44,1493986.65,36070.61635,89.1,719129
2017-09,,28730340,29711450,131843300,134595740,15887320,14970320,13503150,40773040,79834380,2214810,1577150,112088070,12645320,4,6.1081,6.2419,65.3552,31283.72,5650,101.0395906,102495.5,1841934.98,37962.66946,91.9,719964
2017-10,10317669104204,28249110,29244560,131153160,133943800,16347310,15485590,12538690,40293150,78846450,2179990,1482100,110912110,11684610,4,6.1081,6.2192,64.7745,33213.13,5680,102.4710047,102879.97,1488582.694,37501.43306,93.8,866976
2017-11,,28310740,29316780,131473090,134301640,16600180,15815520,12265980,40039740,79347150,2203320,1429530,110896460,11406970,4,6.1495,6.2758,64.4332,33149.35,5696,107.2383172,95482.87,1704907.932,41390.18915,94.6,997738
2017-12,,28863250,29891200,132086810,134968200,16973640,16164230,12470100,39285920,81794600,2142110,1531150,112475640,12280600,4,6.1908,6.4232,63.9273,34056.83,5616,102.2833391,97020.31,1788088.889,42030.78706,95.5,1167840
2018-01,10841722054186,29116850,30168680,133632340,136554880,17332840,16607420,12249570,40293790,81471890,2193910,1502130,112392580,11454880,4,6.3977,6.5824,63.6878,35965.02,5613,105.4906761,101864,1617080.945,40701.20967,97.5,1045027
2018-02,,29682110,30749050,134789920,137743870,17777400,17071940,12409220,40257000,82374480,2156570,1468330,113000470,11535750,4,6.3563,6.6622,65.1031,34184.04,5637,101.3228199,91952.51,1677159.385,37871.27233,98.8,1049259
2018-03,,32673310,33765410,139625870,142633930,18293480,17597120,14837120,40013990,86254250,2344900,1667460,117285400,13994750,4,6.1081,6.4914,65.0441,32968.68,5619,104.4579352,105851.4,1897184.043,42801.16479,98,1021539
2018-04,10976853077971,31778140,32896090,139816470,142872930,19036480,18248760,13309270,41667620,85176250,2543960,1579890,116846130,12460950,4,6.1908,6.628,66.7801,35160.36,5638,101.3729864,103890.85,1704176.58,39966.95113,99,745033
2018-05,,31638230,32776700,139844780,142952730,19307570,18537930,12831650,42037680,85376550,2495050,1567220,116531050,11983360,4,6.3977,6.9251,67.4526,35322.38,5450,101.5936021,111071.32,1954074.993,43917.27407,102.4,606513
2018-06,,31891250,33053270,140032270,143193810,19573920,18767610,12898480,42210020,86728070,2254440,1570920,117986740,12919800,4,6.5219,7.1318,68.5753,35423.48,5448,100.9225731,104022.86,1841045.933,44806.5859,104.4,683935
2018-07,11399792126197,31578410,32764780,140728660,143945640,19366340,18589340,12759060,43313660,86162270,2338240,1659890,118315860,12597120,4,6.6877,7.27,68.6068,37606.58,5240,100.4915974,102701.58,1768973.453,44388.07226,104.4,806493
2018-08,,32135580,33342160,142714080,145980830,19276340,18468440,13420440,43947060,87807530,2406780,1531540,119458880,12573310,4,6.8121,7.3277,70.9255,38645.07,5233,101.9920264,105792.84,1936340.509,45731.10876,104.9,785993
2018-09,,32917060,34175790,144229080,147565280,19252440,18429360,14231900,43020000,89816640,2419160,1532020,121010960,13385090,4,7.1858,7.7334,72.5474,36227.14,5232,102.0344518,108327.5,2014093.95,42819.58744,107.8,719894
2018-10,11616155394386,32506300,33762500,144263800,147636430,19612630,18751350,13509160,42930370,90339750,2420720,1501270,120715070,12652840,4,6.9366,7.478,73.9936,34442.05,5216,105.9313178,113507.43,1962159.788,44677.8869,111.3,890223
2018-11,,32884740,34157440,145187750,148611290,20107050,19244460,13382650,43445890,92218980,2357170,1552150,122625300,13204830,4,6.7706,7.2239,69.6574,36194.3,5216,102.6015839,99776.95,1870321.91,43655.18616,109.3,1012569
2018-12,,32786680,34088530,145496950,148983910,20299690,19509950,13026000,42346580,93197650,2630400,1632810,122292980,12901300,4,6.6462,6.9366,69.7923,36068.33,5232,99.5503974,100841.32,1973289.122,42351.01667,102.8,1191498
2019-01,11412291821446,33425710,34750740,147587830,151116980,20650580,19867350,13299860,44328780,93512010,2498770,1630870,123023300,12492580,4,6.5634,6.7763,71.0333,36256.69,5244,101.8858498,100848.84,1867264.729,41455.20969,99.3,1111040
2019-02,,34569180,35917810,149398180,152977700,21057150,20294510,14012650,44334100,94497400,2550930,1609540,124094750,12941880,4,6.3977,6.5482,71.1953,35867.44,5251,103.7790241,91419.66,1911878.671,36591.12674,100.5,1090516
2019-03,,37104640,38510630,154320670,157993540,21367700,20522090,16265120,43884900,97717220,2763500,1816510,129015790,15425540,4,6.3149,6.3892,69.1713,38672.91,5262,108.9238962,107135.57,2274056.831,43690.4449,102.5,978236
2019-04,11838020477793,35861670,37289520,153786040,157512260,21799800,20920670,14664390,45029700,96209450,2597600,1745930,128116490,13819050,4,6.4391,6.5141,69.8368,39031.55,5282,108.1559967,109263.44,1807190.093,42387.2565,102.8,774651
2019-05,,35735710,37161950,154210770,158002730,22045210,21173660,14277520,46044070,96883950,2565210,1760440,129421930,13753060,4,6.1908,6.2985,69.8058,39714.2,5292,109.2570415,117046.96,2082993.316,46683.35492,104.4,615136
2019-06,,35496360,36931370,154161040,158006300,22059260,21166770,14032760,45891140,97007650,2611150,1849530,130267580,14348230,4,6.0254,6.1627,68.918,39394.64,5301,107.5341267,112946.84,1736597.452,41032.49458,102.2,726446
2019-07,11426861283830,35745640,37219890,155677810,159600870,21875100,20987050,14398500,47467720,96605170,2638760,1854000,129742870,13302540,4,5.6539,5.9372,68.8569,37481.12,5312,104.3096313,108407.51,1803139.537,40430.6483,100.6,818125
2019-08,,35942950,37422260,156770900,160737940,21763830,20826340,14806800,47206500,96801530,2713250,1858900,131227360,13961020,4,5.4065,5.7239,71.7586,37332.79,5317,99.08308316,106200.23,1850057.843,39852.08307,101.2,800837
2019-09,,36464060,37839000,158141670,162049310,21861480,20891980,15252270,48371350,97688540,2678320,1924310,132537700,14408590,4,5.4065,5.6008,70.685,38667.33,5332,99.55191076,105194.51,1855064.969,37694.81892,100.6,751513
2019-10,11479879282818,36705980,38090500,159553620,163507750,22571350,21618810,14775050,48521570,98405620,2606230,1889360,133241290,13928810,4,5.0361,5.2998,70.8095,40129.05,5342,95.45537746,98908.99,1861305.055,37986.36541,102.3,945017
2019-11,,36527600,37921620,159457490,163469140,22673850,21724880,14479600,48908410,98900710,2493080,1874490,134475670,14486830,4,4.9896,5.1389,71.7255,40793.81,5344,102.2627776,93665.88,1840581.837,38523.24494,101.3,1092440
2019-12,,36885360,38303220,160629780,164722240,22720660,21806010,14739560,49196830,99677970,2720870,1968710,134744980,14242970,4,5.0258,5.3,71.274,41253.74,5352,105.0817488,99098.13,1928065.569,39594.10477,103.2,1226398
2020-01,11181028605560,38018150,39454390,164186250,168338760,23109750,22187760,15491830,50145940,101051760,2799610,1998890,137264810,14635890,4,5.1266,5.289,71.5096,40723.49,5367,106.4649435,103010.96,1842797.621,41149.49537,104.7,1119250
2020-02,,38688540,40135980,164590270,168801730,23482390,22554260,15788690,49839040,101048660,3236760,2330850,137292500,14935780,4,5.0793,5.1649,72.1895,38297.29,5353,110.7897165,100977.44,1984426.081,37904.473,103.6,1018440
2020-03,,41259480,42769110,167999630,172334040,24473120,23497480,17376920,49603620,103708610,3202400,2399430,139755510,16532420,3,4.3595,4.9396,75.3859,29468.49,5378,80.25139501,96062.98,1602090.578,31470.91691,99.5,328304
2020-04,6708289564551,40403210,41936920,170341330,174701670,25229700,24246650,15760860,54159710,102734160,3293710,2489860,141380770,14916320,3,3.6427,3.7016,75.115,33717.62,5381,-3.79588018,81045.2,774879.2425,17085.77727,89.8,2820
2020-05,,41190650,42747840,172309080,176734080,26111200,25127870,15647500,55515920,102256730,3354190,2601550,143608650,15433080,3,3.1939,3.4099,75.6369,32424.1,5370,49.32848724,96501.43,1456145.366,22859.86829,80.3,3764
2020-06,,41745250,43329470,173152460,177663760,26606050,25628350,15729740,54999810,102402560,3275900,2500490,143318840,15216990,3,3.1947,3.5399,75.527,34915.8,5378,72.47145531,100142.22,1668079.482,21323.55235,85.6,8590
2020-07,11371999034180,42647970,44248560,176258030,180840090,26725600,25762930,16487970,56099140,102820570,3100110,2323240,145762060,15633270,3,3.2979,3.5195,74.7722,37606.89,5400,89.01192426,108268.76,1781982.326,29116.06252,90.7,12655
2020-08,,42822810,44427500,176479720,181115260,26805470,25831110,16592070,56137390,102161580,2878630,2225150,145891730,15734850,3,3.2367,3.5891,73.5951,38628.29,5414,88.33867487,103134.95,1702281.667,31034.00577,92,19761
2020-09,,43249740,44873240,177397650,182106940,26829570,25852430,16969100,55183170,102715810,2823000,2210200,146747070,16112920,3,3.3578,3.7312,73.7978,38067.93,5429,100.32028,110211.86,2026231.884,30518.34989,91.9,28167
2020-10,12043868318798,42859810,44485940,178037390,182801950,27145450,26195780,16256860,55872180,103879480,2772330,2103350,148352600,16068320,3,3.1972,3.4542,73.9732,39614.07,5438,102.4089932,107728.59,1833265.036,34073.83709,90.9,41494
2020-11,,43483750,45110990,179379390,184193620,27704930,26735340,16329380,56915140,104730530,2635970,2080570,149106680,16072630,3,2.9292,3.3949,73.7983,44149.72,5443,100.6087317,95196.22,1753334.71,33812.29273,94.2,70977
2020-12,,44099290,45744960,180553720,185446950,27764770,26815120,16866280,56372360,105874750,2694950,2081040,149047910,16017790,3,3.079,3.4571,73.0536,47751.33,5455,100.1043639,103688.29,2003649.938,42934.5448,96.9,90544
2021-01,12432736228471,45647040,47298050,184066660,189012720,28067920,27072130,18142690,57354820,107037520,2612590,2028130,152217170,17284590,3,3.3468,3.6757,72.9519,46285.77,5456,98.80555924,108504.76,2013340.031,42030.07094,100.7,94662
2021-02,,46042950,47701920,185637640,190639380,28366770,27350850,18244360,57706460,107747420,2547780,1975280,153512680,17391780,3,3.1699,3.7,73.0408,49099.99,5463,102.9287566,101415.28,2011847.194,40748.65307,105.7,110312
2021-03,,47942990,49651520,188445780,193550130,28537640,27518280,19951200,58503740,109495090,2595300,2005850,155401520,18993430,3,3.3162,3.8264,73.5047,49509.15,5478,110.9057343,118769.79,2567371.663,48898.86342,109.2,133768
2021-04,10815615470770,47108630,48814940,189190370,197942180,29071600,28028040,18625500,59116840,109137250,2676900,1862210,156878880,17976700,3.5,3.3199,3.72,74.0232,48782.36,5486,101.1431417,115473.27,2291490.322,46044.07977,108.9,78718
2021-05,,47406780,49117080,190121260,198952830,29641900,28612640,18309620,58632930,108249440,2450400,1818750,156823110,18028660,4,3.3998,3.725,72.5211,51937.44,5491,74.12830368,103832.52,2364495.053,38834.63791,109.8,19765
2021-06,,48249070,49978800,191695650,200665720,29885190,28872600,18874520,59214920,108598200,2400510,1816950,156920290,17884120,4,3.4443,3.8898,74.3456,52482.71,5491,83.56651981,106459.52,2390776.166,42098.2641,110.7,36070
2021-07,12576485819584,48559320,50299930,193727760,202832150,29466490,28391340,19707010,60554600,109105670,2442950,1849890,159688580,18751110,4,3.388,3.7299,74.3871,52586.84,5504,92.05325414,115982.05,2647089.829,46146.97314,115.2,72501
2021-08,,48031820,49778710,193304270,202533620,29439470,28308250,19262000,60793140,108976010,2386740,1706690,159357800,18304940,4,3.2958,3.6493,73.1536,57552.39,5518,96.04912652,120977.48,2474029.666,45092.8631,117.9,92728
2021-09,,48204150,49969920,193962890,203326060,29251080,28150170,19584980,60764770,109568170,2325130,1711310,160192970,18628180,4,3.4488,3.81,74.2551,59126.36,5532,91.56721328,108241.14,2489962.61,56286.42296,119,115661
2021-10,12470992561252,48313930,50085570,195231140,204695210,29449930,28256980,19585300,59772370,111057580,2340600,1719350,162913960,19461930,4,3.561,4.039,74.7858,59306.93,5546,98.49162809,111031.31,2676721.285,53638.24592,126,191415
2021-11,,48833620,50601690,196456340,206016260,29884710,28782460,19572540,60752850,111999390,2404880,1809270,162121250,18804780,4,3.53,4.1299,75.0885,57064.87,5565,96.16163823,96941.72,2367999.914,53025.06888,136,263867
2021-12,,51382130,53176500,201140360,210838830,29869010,28811150,22060520,61007160,115820870,2546620,1905570,166703990,21097120,4,3.657,4.265,74.3025,58253.82,5588,101.7359262,105992.09,2960769.061,60329.77462,133.8,317647
2022-01,12924637858394,50350560,52160340,199476840,209282050,30323680,29319210,20504970,59341510,114689770,2706360,1895860,164529760,19547160,4,3.708,4.5053,74.9674,58014.17,5591,99.53101232,107886.08,2621599.87,52566.76985,135.3,215935
2022-02,,51383740,53212630,201835280,211738020,30805020,29805650,21030560,62320040,116437170,2558740,1855000,166382180,20069070,4,3.6954,4.52,75.4882,56247.28,5607,102.80818,104208.4,2785415.804,55898.38736,138.3,254538
2022-03,,53071250,54955580,204937290,215059700,31337160,30356890,22129920,64776290,118913140,2626740,1941430,168996340,21175130,4,3.84,4.5805,75.8071,58568.51,5618,108.3369827,123920.84,3396053.192,63090.56269,143.9,358023
2022-04,13124560123549,52861860,54765430,207120480,217346180,32093940,30931590,21354590,64115910,120009300,2865500,2098560,172168560,21592790,4,3.9799,4.8102,76.4242,57060.87,5630,107.7936127,127031.08,3023885.041,58057.69689,151.2,411010
2022-05,,52980980,54885360,206823070,217144880,32260000,31179600,21263100,62645530,120627310,2814730,1965170,170281420,20302460,4.5,4.8869,5.91,77.6641,55566.41,5638,103.3797015,125218.6,3014718.24,61126.44022,163.6,445690
2022-06,,52458460,54390930,206638170,217082580,32267880,31041510,20873400,62630590,121904290,2852950,1927460,170180780,20000930,4.5,5.1595,6.287,78.9421,53018.94,5625,102.6291845,124421.55,3301607.793,64352.7583,167.1,547074
2022-07,13534422532523,53041990,54983610,210323480,220886020,31847150,30637460,21832090,64086640,123693500,2772580,1897500,173981120,20884920,4.5,5.6229,6.33,79.4203,57570.25,5595,95.39057569,118937.22,3051204.136,63771.39388,166.6,669499
2022-08,,52836550,54786160,210514230,221166630,31832190,30624790,21639870,64713130,124586580,2819860,1919200,174181820,20689210,4.5,5.6341,6.3199,79.7194,59537.07,5599,99.29848364,121513.98,2943150.948,61879.14961,159.2,524756
2022-09,,52280400,54244800,210728960,221474880,31670730,30445940,21209020,64376720,130324730,3023990,2023110,179692640,22800920,4.5,6.1776,6.7966,81.5522,57426.92,5621,101.35717,119995.52,2840245.925,63372.11171,158.4,551580
2022-10,13613828352200,53259680,55224140,213019490,223842360,32183140,30887530,21672140,64446040,128646950,2971650,1931840,177003860,21687180,4.5,6.3994,6.9197,82.3934,60746.59,5646,96.63708949,109501.11,2600558.861,57910.49705,158,677055
2022-11,,53563880,55524410,213999210,224884110,32184260,30936180,21920600,66127620,130022650,3220590,2004850,177499450,21238760,4.5,6.3977,6.8678,81.597,63099.65,6655,98.86369728,108444.01,2849595.669,56951.41075,162.8,789330
2022-12,,55271040,57269630,218592350,229568610,32326510,31222360,23419360,65654720,133068530,3295790,2208320,181577280,22459420,4.5,6.3099,6.8907,82.7862,60840.74,5670,95.40224529,115503.39,3140978.429,61218.76419,158,992977
2023-01,14074101941728,55303330,57294200,218950340,230001710,32917830,31697200,22967920,66573650,133375360,3294090,2107250,181453630,22011620,4.5,6.4731,6.9048,81.7387,59549.9,5686,98.5732037,118620.88,2926276.851,52826.37831,155.6,891084
2023-02,,55794470,57797040,220933310,232065610,33316120,32227370,22925810,68542460,134502690,3480050,2195650,182900210,21970950,4.5,6.8154,7.2563,82.6816,58962.12,5663,99.50720111,111523.05,3057312.967,53581.49985,157.6,893352
2023-03,,56747950,58750520,223437600,234569900,33785200,32764360,23205980,71655330,136752350,3552520,2285170,184776770,22254160,4.5,6.7366,7.3064,82.2169,58991.52,5681,100.8859484,120202.5,3451723.104,60920.79638,156.4,824549
2023-04,14318588201110,56965600,58968170,226831990,237964290,34554030,33464860,22817650,71655470,138792840,3460110,2465630,189289630,23068290,4.5,6.8225,7.004,81.7829,61112.44,5694,101.4926657,123873.09,2837622.39,49051.01086,152.7,625772
2023-05,,57002870,59005440,227668100,238800400,34784800,33713910,22609020,71359380,139024500,3681370,2521040,189325700,22271430,4.5,6.7839,6.8941,82.6773,62622.24,5702,97.00923968,126601.66,2876586.974,57452.91576,148.6,618086
2023-06,,59035350,61037920,234247480,245379780,33604180,32346080,25902460,71903410,143837180,3620970,2600580,195982670,24948980,4.5,6.7599,6.8685,82.0428,64718.56,5657,99.50120109,127382.73,2822370.752,53203.06382,146.2,667720