month,real_gdp,money_supply_m1,money_supply_m2,money_supply_m3,money_supply_m4,currency_in_circulation,currency_with_public,demand_deposits,m3_net_bank_credit_govt,bank_credit,sched_banks_liabilities,sched_banks_demand_time_dep,sched_banks_deposits,sched_banks_demand_dep,cash_reserve_ratio,tbill_91day_yield,tbill_364day_yield,exchange_rate_inr_usd,sensex,num_sec_traded,ceic_leading_indicator,electricity_generation,exports,imports_usd,fuel_power_wpi,foreign_tourist_arrivals
YYYY-MM,INR mn,INR mn,INR mn,INR mn,INR mn,INR mn,INR mn,INR mn,INR mn,INR mn,INR mn,INR mn,INR mn,INR mn,% (rate),% pa,% pa,USD/INR,Index 1978-79=100,count,index,GWh,INR mn,USD mn,Index 2011-12=100,persons
2004-04,18650362.7,5878800,6011930,20581840,21306290,3411350,3296020,2544960,7485740,8649030,575910,407950,16219750,2288550,4.5,4.388,4.450,44.37,5655.090,2058.700,101.1305961,48930,247681.4274,6987,55.17136465,223884
2004-05,,5799720,5933410,20562330,21301130,3430950,3315560,2446400,7484790,8639960,573220,394330,16219510,2196110,4.5,4.398,4.433,45.56,4759.620,2268.800,87.56079458,47981,269381.5065,8073,55.29026846,185502
2004-06,,5771380,5906630,20631300,21385760,3413440,3297420,2437680,7516790,8788700,588110,395410,16348780,2200370,4.5,4.457,4.559,45.98,4795.460,1738.500,85.20960793,46570,276110.3836,8717,56.36040268,223122
2004-07,18850258.9,5693860,5830740,20626350,21395760,3375570,3263220,2385270,7554700,8897440,554360,379220,16575240,2237090,4.5,4.48,4.613,46.45,5170.320,2693.800,92.90989147,50283,267998.1183,7872,57.25218121,272456
2004-08,,5868630,6006960,20831610,21615220,3363880,3260090,2563910,7539520,9082220,569620,389600,16612750,2275690,4.5,4.766,5.005,46.34,5192.080,2839.100,89.22127398,48325,277144.526,8132,58.97628635,253301
2004-09,,5782060,5921320,20895610,21692290,3371800,3265800,2472430,7404880,9332050,588510,368380,16732430,2311450,4.75,4.785,5.219,46.16,5583.610,3353.700,93.52022233,49059,318653.1612,9420,59.33299776,226773
2004-10,21145497.6,6127500,6267610,21132980,21942980,3421640,3307020,2755750,7527300,9907570,668570,365600,16881630,2528980,5,5.19,5.582,45.45,5672.270,2686.000,90.06559671,48484,298149.7245,8989,59.21409396,307447
2004-11,,6068940,6209700,21196110,22017250,3549150,3426570,2598580,7463970,10070980,680430,360340,16812900,2367320,5,5.479,5.718,44.75,6234.290,3713.900,97.42462947,47792,319100.295,9358,61.71107383,385238
2004-12,,6100060,6242260,21446930,22283400,3536450,3420500,2632600,7328240,10455500,740840,379030,17422710,2629760,5,5.324,5.690,43.58,6602.690,5677.500,97.90431029,50543,322582.379,10457,61.35436242,417527
2005-01,21973763.5,6172900,6316410,22062200,22910280,3579940,3470680,2647370,7619420,10480240,682810,370470,17421060,2492810,5,5.314,5.696,43.69,6555.940,4857.100,94.63765136,50525.75,357381.31,11009,62.95956376,385977
2005-02,,6279700,6424970,22151250,23009930,3612540,3497300,2738950,7546700,10671150,651480,366500,17652560,2565230,5,5.252,5.651,43.64,6713.860,5629.900,91.57234155,46015.76,350610.8868,10357,63.25682327,369844
2005-03,,6497660,6650670,22456530,23343000,3686610,3563140,2869980,7524360,11004280,687190,378300,17708980,2553650,5,5.258,5.627,43.75,6492.820,5613.700,92.91137239,52923.52,442616.8455,12369,63.25682327,352094
2005-04,20370646.8,6773100,6926380,23314060,24211240,3843190,3718840,3009650,7717170,11279820,805950,389440,18447510,2711000,5,5.18,5.623,43.65,6154.440,2950.600,90.83530263,50413.2,335169.792,11336,63.67298658,248416
2005-05,,6691520,6845140,23299370,24212430,3898390,3772540,2875970,7617410,11410730,793170,407350,18501850,2610970,5,5.201,5.584,43.69,6715.110,3871.600,92.99204221,52942.57,346277.5815,13232,63.73243848,225394
2005-06,,6780040,6934560,23465640,24394340,3885390,3757450,2978230,7592100,11612030,820180,401700,18643590,2714540,5,5.291,5.612,43.51,7193.850,5701.700,95.64323159,50948.85,343538.8785,11803,64.74312081,246970
2005-07,20441921.1,6740090,6897920,23584460,24528220,3843360,3714060,2976690,7634200,11859400,827920,400590,19042500,2917680,5,5.461,5.814,43.49,7635.420,6762.300,92.87568534,49781.12,325407.528,11509,66.70503356,307870
2005-08,,6824940,6984560,23855450,24814300,3843720,3719240,3057890,7572550,12018320,847640,410430,19162550,2847420,5,5.225,5.627,44.04,7805.430,10129.000,97.57317711,52145.22,373267.05,12760,66.64558166,273856
2005-09,,7098330,7259780,24696300,25668780,3790590,3648380,3398030,7545890,12762380,785240,416920,19952950,3130920,5,5.242,5.696,43.99,8634.480,8684.600,92.43294246,48694.51,370807.3134,12896,68.78585011,257184
2005-10,23042974.4,7087280,7249670,24710030,25694210,3942820,3807290,3233890,7653360,12873240,789960,410530,19856140,2965580,5,5.503,5.842,45.11,7892.320,3642.000,94.18179383,52217.68,385899.165,11883,69.32091723,347757
2005-11,,7170350,7333450,24888050,25885760,4017420,3881570,3240710,7667610,13072410,828610,426940,19922570,2963970,5,5.761,5.960,45.94,8788.810,3187.600,97.93061341,49405.33,332790.5295,11326,69.26146532,423837
2005-12,,7373220,7536650,25155410,26167400,4082140,3950350,3378430,7490340,13579200,725610,374450,20136430,3265200,5,5.891,6.089,45.07,9397.930,4507.400,103.2863232,52257.1,420777.0755,12390,69.14256152,479411
2006-01,24249816.4,7469870,7634000,25227660,26245980,4161610,4027760,3396550,7764830,13706110,736800,361520,20239390,3189960,5,6.253,6.214,44.07,9919.890,4852.800,110.349149,53759.59,405234.768,12894,69.02365772,459489
2006-02,,7703810,7867740,25679600,26700810,4239080,4103610,3552250,7739490,14072540,722000,326340,20547600,3287890,5,6.626,6.776,44.44,10370.240,4163.700,113.0035868,50225.43,400502.65,11535,69.49927293,439090
2006-03,,8263890,8431790,27194930,28234110,4295780,4121240,4074230,7594160,15070770,778720,397500,21858100,3741250,5,6.514,6.659,44.61,11279.960,6052.800,109.7033682,54719.87,512589.3058,14314,69.73708054,391009
2006-04,21879320.0,8517280,8684310,27634910,28681910,4463760,4317270,4133830,7993790,14857780,712970,350980,22105890,3803860,5,5.52,5.982,44.97,12042.560,4731.200,109.9135361,53394.94,386611.3125,12924.5,69.91543624,309208
2006-05,,8160690,8326940,27702920,28761440,4516410,4362450,3734410,7886890,14934330,724360,340820,22123870,3403980,5,5.695,6.344,46.43,10398.610,5792.800,104.8128272,55630.76,456916.9902,15106,70.45050336,255008
2006-06,,8065310,8232250,27745550,28817260,4529180,4371350,3641680,7836370,15514830,736330,352550,22694140,3556890,5,6.15,6.766,46.08,10609.250,3628.200,106.871721,53450.57,478159.212,14400.1,72.2340604,278370
2006-07,22534949.7,8092730,8261550,28273000,29357920,4502450,4353880,3681570,7989180,15563430,717280,342890,22798440,3392610,5,6.418,7.034,46.51,10743.880,2552.200,102.6733341,54224.21,491500.1368,14985.4,72.82857942,337332
2006-08,,8245530,8415870,28848000,29947310,4536500,4378390,3809480,7965520,15785850,767790,352490,23129230,3398450,5,6.406,6.960,46.55,11699.050,3637.100,103.1865045,54295.83,500201.274,15326.7,73.06638702,304387
2006-09,,8479600,8651520,29416570,30526800,4508590,4343120,4079720,7974930,16614910,793230,368760,23876430,3757030,5,6.512,6.914,45.96,12454.420,4274.600,107.9575707,54289.27,494930.3475,17351.1,73.48255034,297891
2006-10,25226863.2,8555720,8729410,29363870,30483840,4708420,4516000,3989780,8038980,16540890,798060,360160,23628760,3662080,5,6.626,6.954,45.02,12961.900,4261.600,110.9601547,57292.46,450313.6387,17512.4,73.36364653,391399
2006-11,,8558610,8734140,29817720,30950120,4685460,4523560,3982440,8036290,16832570,773060,357670,24070890,3654610,5,6.655,6.988,44.76,13696.310,5203.900,110.7744644,53745.3,446335.6506,16381.2,72.88803132,442413
2006-12,,8669890,8847730,30058300,31201950,4776920,4617840,4000300,7842430,17700150,827180,348850,24647080,3977770,5.25,7.009,7.086,44.23,13786.910,4463.300,110.667953,57025.49,481956.4808,15679.6,71.52063758,541571
2007-01,26626257.5,8771230,8952840,30672750,31820340,4882610,4719870,3995780,8051360,17807250,765590,367790,24858360,3773180,5.5,7.277,7.386,44.17,14090.920,6787.000,112.8118752,58196.54,484809.3954,14446.9,71.52063758,535631
2007-02,,9245110,9427830,31388370,32536410,4989510,4826660,4371680,8054630,18188430,806690,381820,25484790,4095620,5.75,7.717,7.786,44.31,12938.090,5908.700,105.5080818,51902.33,464898.7434,14484.7,70.86666667,501692
2007-03,,9679250,9864900,33100380,34255870,5040990,4828540,4776040,8276260,19311890,915410,436200,26946780,4405430,6,7.727,7.902,43.59,13072.100,4566.600,103.5852162,59075.26,563290.8006,17136.6,70.50995526,472494
2007-04,24244392.2,9327990,9512470,33064350,34220240,5208990,5027380,4231200,8609970,18878370,902990,402550,26749440,3871020,6.5,7.529,7.722,41.29,13872.370,4412.600,103.929449,58030.51,475924.9517,18370.6,70.62885906,350550
2007-05,,9228820,9413840,33219310,34380660,5228580,5040660,4134970,8549060,18837200,857470,387510,26923670,3777950,6.5,7.594,7.786,40.73,14544.460,5726.400,106.3089197,60821.56,505310.311,21149.5,70.68831096,277017
2007-06,,9410020,9596010,33811450,34977180,5210640,5014030,4325670,8552710,19174560,828050,378210,27921160,4106500,6.5,7.344,7.669,40.75,14650.510,5168.800,99.44557387,57078.09,491185.6405,20016,70.68831096,310364
2007-07,24594738.9,9464090,9651800,34558610,35727350,5146380,4956070,4384780,9093890,19145140,831350,412840,28580890,4347800,6.5,5.051,6.874,40.44,15550.990,7397.100,99.3258882,58301,503958.1415,21128.6,70.80721477,399866
2007-08,,9319340,9508310,34858150,36027010,5066880,4865370,4403850,8767070,19623090,810550,374490,28634370,4038660,7,6.738,7.420,40.96,15318.600,7614.000,101.0198596,59278.29,514208.2315,20365.9,71.04502237,358446
2007-09,,9835110,10024640,35850090,37018910,5076670,4865010,4914560,8713660,20374800,902160,422380,29617590,4556580,7,7.082,7.484,39.74,17291.100,9990.500,102.4279509,56641.17,503028.4629,18217.5,70.98557047,301892
2007-10,27887618.8,9681950,9871870,36152140,37321000,5270210,5060790,4572860,8481910,20267090,829110,387770,29696460,4201740,7,7.111,7.368,39.32,19837.990,10321.300,106.507663,59702.74,577685.7077,21832.6,71.22337808,444564
2007-11,,10125680,10315830,36803440,37973380,5472050,5251050,4827060,8609810,20970080,807780,398350,30429730,4572450,7.5,7.467,7.751,39.67,19363.190,10556.200,105.9922089,56845.71,507680.1683,22104.1,71.81789709,532428
2007-12,,10239560,10431950,37055140,38224150,5544480,5341050,4851150,8354290,21492850,888370,405650,30470780,4553420,7.5,7.415,7.687,39.41,20286.990,12868.500,107.8492708,59236.13,575879.0625,20116.9,72.59077181,596560
2008-01,28976145.0,10528090,10721290,38043340,39202050,5663890,5443090,5037670,8374780,21858980,911470,424050,32082290,5678630,7.5,7.119,7.420,39.39,17648.710,11786.900,103.1878689,60331.57,584659.2232,22844.4,73.00693512,511781
2008-02,,10684680,10878420,38818760,39964550,5754340,5543480,5091380,8569200,22547600,871820,433570,31856940,4708910,7.5,7.342,7.513,39.92,17578.720,6599.900,106.7612516,56978.43,599712.5607,20804.4,73.72035794,611493
2008-03,,11558100,11755990,40178550,41327060,5908000,5684100,5783720,8995180,23619140,1017240,503060,32970740,5359300,7.5,7.331,7.397,39.97,15644.440,5965.900,102.8591844,61223.82,692665.2808,23573.7,75.7417226,479765
2008-04,26204314.2,11092120,11288580,40375830,41520800,6109480,5894380,5136170,8993350,23251340,920710,471540,33046080,4733560,7.75,7.277,7.530,40.46,17287.310,6762.800,101.1704098,58815.18,737803.1147,30316.9,77.40637584,361101
2008-05,,11140930,11338870,40956910,42108220,6250790,6025980,5053110,9216950,23715790,1040080,462060,33556790,4705590,8.25,7.415,7.606,42.59,16415.570,7284.300,99.76629037,62028.45,784872.7045,29443.6,78.11979866,304361
2008-06,,11081410,11281910,41071330,42226040,6276600,6041820,4990470,9356420,24140250,1162720,504230,33799200,4731680,8.25,8.009,7.927,42.95,13461.600,6089.900,93.00514066,58533.74,820238.581,28950.6,84.24334452,341539
2008-07,26251284.5,11063100,11266090,41489870,42647010,6258430,6028850,4983570,9675830,23993470,1158610,431910,34088650,4592410,8.75,9.073,9.391,42.49,14355.750,7510.900,97.02497876,60896.7,812649.4621,31625.5,85.13512304,431933
2008-08,,11134390,11338010,42261710,43416780,6113280,5867080,5215150,9709250,24607540,1074750,434650,34938810,4811320,9,9.149,9.237,43.79,14564.530,6041.500,95.35970943,59732.66,761975.198,33523.2,86.56196868,383337
2008-09,,11433910,11640440,42835140,43989650,6131440,5861460,5518180,9672960,25510260,1100400,460460,35451510,5105550,9,8.74,8.832,46.94,12860.430,5486.100,94.16860179,59120.24,718877.723,31135.7,85.96744966,341693
2008-10,28315604.9,11321670,11531890,43579370,44733780,6385790,6108600,5163010,9907640,26486600,1325290,487600,36221740,4868860,6,8.128,7.922,49.25,9788.060,5202.000,86.30194554,62338.08,686975.9074,25869.3,85.07567114,450013
2008-11,,11182290,11392520,43888400,45039970,6456320,6189870,4943350,10493360,26425430,1319650,499900,36501620,4655800,5.5,7.3,7.230,49.84,9092.720,5032.500,83.85568142,58347.46,545346.1826,23488.2,80.97348993,531683
2008-12,,11286750,11499910,44439930,45589810,6514200,6265500,4896610,10966310,26472410,1085250,503040,36781960,4717860,5.5,5.449,5.478,48.45,9647.310,6758.200,81.4503628,60141.48,648534.1602,19456.3,76.75240492,533904
2009-01,29044540.3,11557220,11773760,45747790,46887440,6591430,6337300,5154440,11711700,26377800,995400,484900,37796700,4731970,5,4.687,4.549,49.02,9424.240,6736.800,80.49569471,61443.57,626713.8655,18228.2,75.62281879,481308
2009-02,,11862310,12081300,46645700,47780410,6752270,6500210,5302750,11968370,26679280,1063700,483190,38488550,4866080,5,4.779,4.615,50.73,8891.610,5198.600,80.97723551,57338.7,588070.2196,15062.2,73.72035794,489787
2009-03,,12596710,12823610,47947750,49088510,6911530,6654500,5886880,12773330,27755490,1044190,531340,39526030,5347910,5,4.769,5.245,50.95,9708.500,5825.100,84.12905536,65057.36,660398.7943,16596.6,73.18529083,442062
2009-04,27512912.4,12557340,12784780,49017150,50156090,7144220,6871270,5589260,13386730,27444900,1021660,553770,40432500,5127490,5,3.815,4.076,50.22,11403.250,8473.400,89.58645417,62779.93,623354.5884,19340.7,73.83926174,347544
2009-05,,12649170,12877830,49517200,50658600,7246210,6948700,5653600,13666520,27459780,1009280,539960,40943590,5148840,5,3.255,3.589,47.29,14625.250,11828.500,92.78983543,63897.66,597473.415,20036.4,74.19597315,305183
2009-06,,12477210,12707990,49585650,50729940,7208450,6903620,5477770,13981490,27775760,957730,552930,41108500,5143670,5,3.347,3.999,47.87,14493.840,12805.300,95.02324267,63046.04,648661.3037,23055,74.73104027,352353
2009-07,28078026.8,12663240,12894740,50486980,51630070,7038250,6759630,5861450,14223000,28052240,895460,551170,41988850,5399190,5,3.227,3.766,48.16,15670.310,9692.700,97.32565708,63221.93,693579.6871,21723.5,77.58473154,432900
2009-08,,12801160,13033940,50656630,51798620,7065620,6791290,5955830,14367230,28067410,920590,558130,42096190,5498120,5,3.347,4.254,48.88,15666.640,9585.400,99.6437425,65809.88,655438.4364,22448.7,78.17925056,369707
2009-09,,13112940,13351920,51205350,52350780,7219260,6931600,6140970,14698520,28746700,850360,588980,42490670,5670900,5,3.349,4.467,48.04,17126.840,10669.800,100.1680762,63478.63,706237.7161,21527.2,79.01157718,330707
2009-10,30640610.6,13124080,13364090,51828500,52972840,7436920,7129500,5954850,14640620,28871910,820430,539160,43195660,5540830,5,3.235,4.566,46.96,15896.280,9013.400,96.48803988,65101.09,690735.4344,25935.8,79.30883669,458849
2009-11,,13094670,13335360,52306930,53452490,7515590,7237120,5809700,15011070,29091410,766490,522400,43349140,5447800,5,3.275,4.489,46.48,16926.220,7781.800,100.9408316,60141.22,694825.9974,24996.5,80.08171141,541524
2009-12,,13309550,13557570,52453130,53607470,7673670,7382460,5877540,15054510,29719320,883860,562100,43535790,5638270,5,3.569,4.634,46.68,17464.810,8268.700,104.3548944,64096.94,767398.0226,28251.4,80.26006711,615775
2010-01,32896403.1,13736220,13986940,53688610,54838330,7726760,7422180,6271120,15622710,30312270,812720,575300,44390560,5773260,5,3.857,4.670,46.37,16357.960,10701.000,102.3549638,65346.63,713983.7702,25267,80.73568233,568719
2010-02,,13963810,14217700,54572730,55723500,7862080,7555100,6372070,16041860,30927500,854070,584660,45074390,5855210,5.75,4.113,4.945,46.23,16429.550,6632.500,101.6607093,61315.01,729159.2036,26163.8,81.21129754,552152
2010-03,,14892680,15157260,56026980,57195910,7995490,7674920,7179700,16691860,32447880,1057290,673710,46352250,6604460,5.75,4.355,5.133,45.14,17527.770,8137.300,105.4067335,70193.75,920567.0737,29626.9,83.29211409,512152
2010-04,30344950.3,14556960,14824520,56493360,57668470,8291510,7984100,6536950,17028890,32345950,935870,637570,47051440,6129830,6,4.144,5.073,44.44,17558.710,8571.900,105.9004274,67104.81,806174.1604,31674.9,83.88663311,371956
2010-05,,14737740,15006370,57029140,58210280,8559770,8247640,6452180,17340510,32470610,953110,636250,47156240,6223290,6,4.39,4.923,46.45,16944.630,7535.200,101.7062392,67998.54,790979.858,29747.1,84.89731544,332087
2010-06,,14866500,15138850,57105800,58293930,8644510,8319480,6516230,17202100,33541930,997840,655170,47058080,6052710,6,5.291,5.490,46.6,17700.900,7889.500,103.5223453,65414.85,960985.0159,28648.6,85.13512304,384642
2010-07,30795809.8,15126540,15404250,58423830,59618650,8479780,8144280,6937850,17574200,33799990,1033000,658290,48195110,6368600,6,5.561,5.994,46.46,17868.290,8762.800,106.3524517,65874.16,792821.2427,29669.9,87.86991051,466715
2010-08,,15048610,15328940,58544530,59746300,8568670,8232570,6776240,17683910,33539770,979990,646240,48185900,6199720,6,6.149,6.480,47.08,17971.120,9363.100,104.1702166,66849.51,824692.4592,27107.7,87.98881432,422173
2010-09,,15198310,15481580,58992660,60196730,8606850,8260700,6897310,17647730,34252280,1005510,693390,48556590,6341530,6,6.141,6.588,44.92,20069.120,10382.300,105.3908287,64793.99,870860.3082,29511.8,87.75100671,369821
2010-10,33916232.4,15744080,16029720,60804760,62010550,8766810,8407410,7296960,17942590,35266650,1043580,676030,51111280,7557090,6,6.646,6.971,44.54,20032.340,10959.600,108.1426482,70613.98,846309.8032,32461.7,88.04826622,507093
2010-11,,15860460,16146790,60905750,62114960,9092290,8717670,7107430,18208620,35683800,941880,655370,49389020,6089980,6,6.823,7.138,46.04,19521.250,9498.900,101.6463018,62272.16,1014328.613,28842.3,88.34552573,608178
2010-12,,15917730,16205660,62251810,63461870,9069730,8686660,7195360,17970930,37653720,1092320,721930,51311150,6604870,6,7.144,7.366,44.81,20509.090,7640.000,108.8916068,67321.68,1053057.94,31511.1,89.29675615,680004
2011-01,36293323.9,15665070,15955730,62559840,63758890,9249930,8881530,6650240,18378440,37376770,1017760,697570,51326020,6054930,6,7.165,7.548,45.95,18327.760,6287.500,112.2929551,71654.73,1029640.425,33353.6,89.95072707,622713
2011-02,,15877730,16169270,63667140,64855900,9413700,9053510,6788400,18729570,38130160,1071850,735720,52330800,6184370,6,7.155,7.675,45.18,17823.400,5768.800,105.9824168,65708.32,1054778.408,32973.4,91.2586689,627719
2011-03,,16383450,16684460,65041160,66239480,9496600,9118360,7228560,19838960,39420830,1134300,765310,53551600,6565510,6,7.227,7.611,44.65,19445.220,6340.300,108.0624232,75536.06,1366225.635,34267,93.69619687,535613
2011-04,33424678.9,16136440,16436930,66494040,67689260,9830430,9468840,6634550,20069130,39230630,1119420,736010,55011990,6189170,6,7.321,7.652,44.38,19135.960,6221.700,105.6426869,71425.76,1039723.414,36595.8615,94.825783,446511
2011-05,,16064810,16364350,66714950,67910320,10005050,9614140,6420900,20519390,39573650,1025420,708040,54764680,5759280,6,8.05,8.248,45.03,18503.280,5385.300,101.6610019,75009.28,1190898.203,45254.24015,95.36085011,383439
2011-06,,15923670,16230100,66966070,68170100,10008810,9614490,6289840,20718990,40144240,1142390,749730,55230950,5765450,6,8.211,8.318,44.72,18845.870,5713.800,99.54660866,70600.67,1189107.981,40849.47,96.07427293,405464
2011-07,32471105.0,15816640,16119940,68150400,69349670,9755190,9349120,6453740,21466020,40113680,1083270,720610,56385700,5817990,6,8.207,8.365,44.1553,18197.200,6298.700,100.3109441,74425.21,1173232.449,41105.88012,98.45234899,475544
2011-08,,15843240,16146100,68521310,69718820,9830630,9424100,6391490,21622280,40476300,1084400,744920,56674500,5760500,6,8.361,8.236,46.019,16676.750,5628.200,96.3870501,73101.19,1122340.708,39984.68784,99.34412752,428490
2011-09,,15828120,16132550,68787790,69984020,9821440,9411990,6392980,21522940,42232850,1113620,787570,58705330,6627580,6,8.416,8.401,48.9253,16453.760,5165.000,94.66402487,70497.5,1266716.772,39756.06996,100.0575503,417478
2011-10,35368180.0,15995460,16302100,69846200,71046080,9968220,9520280,6463760,21954160,41574490,1103480,726140,58009380,5967990,6,8.551,8.601,48.873,17705.010,3738.400,97.83072585,74434.13,1162742.695,41175.06075,101.0682327,559641
2011-11,,16152420,16464690,70335340,71538940,10210180,9770480,6370350,22235550,42060840,1040880,716140,58212350,5872270,6,8.813,8.680,52.165,16123.460,4637.100,99.60709375,71234.39,1179273.798,39102.47935,102.0194631,669767
2011-12,,16978150,17296530,72213420,73426780,10198010,9766100,7189780,22409460,43668780,1221070,774150,59940250,6553930,6,8.489,8.307,53.266,15454.920,4062.200,96.06904013,73303.01,1328715.912,40044.05837,102.673434,736843
2012-01,37598642.7,16720390,17046240,71848300,73063530,10377320,9954240,6739550,23067910,43527290,1207280,769370,59359810,6098230,5.5,8.614,8.336,49.6825,17193.550,5458.400,96.25753773,73928.81,1294369.645,42952.46934,105.2298658,681002
2012-02,,16915810,17245670,72530520,73749350,10566460,10146500,6758390,23314510,44090950,1210270,808310,59863110,6117840,5.5,8.947,8.507,48.9408,17752.680,6817.700,99.03676323,71371.3,1239091.834,40118.53652,105.0515101,681193
2012-03,,17373940,17714640,73848310,75089810,10672300,10236700,7109020,23737310,46118520,1256080,874480,60777930,6401650,4.75,8.932,8.424,51.1565,17404.200,6218.100,95.72565234,77619.12,1452451.611,42380.69,105.705481,606456
2012-04,35051685.2,17484230,17825200,75317320,76566080,11082320,10648550,6820090,24665130,46111730,1320500,836840,62252400,6221630,4.75,8.572,8.254,52.5193,17318.810,4151.000,98.36408402,75261.21,1229801.041,38171.03758,106.3,447581
2012-05,,17505020,17849610,75952270,77216500,11270500,10822620,6668170,24834990,46628120,1177300,815780,62588560,6042900,4.75,8.411,8.295,56.4225,16218.530,4195.300,96.3639139,79432.56,1348583.327,42187.32125,106.7,374476
2012-06,,18079610,18428510,77562280,78841630,11176490,10697160,7363460,25365310,47630380,1222840,834720,64086420,6671850,4.75,8.259,7.973,56.309,17429.980,3988.100,97.81158323,76803.26,1394323.1,36157.37068,105.5,433390
2012-07,34904219.7,17398040,17752440,77666670,78961350,11022630,10583710,6788570,25711140,47044970,1138480,785090,64258940,6092500,4.75,8.207,8.019,55.807,17236.180,4772.500,95.14125742,76470.66,1280305.977,40619.44456,103.5,485808
2012-08,,17568660,17927780,78178420,79487560,11186540,10657860,6890930,26022770,47616770,1108330,799670,65253350,6291240,4.75,8.236,8.089,55.7215,17429.560,4162.400,92.8269912,74498.36,1283812.977,37307.26575,104.8,445632
2012-09,,17468710,17831650,78165920,79489850,11098550,10637110,6814930,25900690,48856190,1142270,832310,66722730,7091320,4.5,8.133,8.072,52.697,18762.740,4521.000,92.93470639,73268.91,1353423.833,42051.44838,108.1,411562
2012-10,37269711.9,17337980,17703310,79165080,80502200,11098180,10653040,6668920,26361310,48184260,1188030,796190,65796490,6203510,4.5,8.102,8.025,54.1175,18505.380,5343.700,96.22756623,78526.93,1276135.017,44243.75208,107.5,556488
2012-11,,17947910,18315710,79931520,81281460,11405630,10873040,7051110,26117610,49587900,1210620,817210,66242290,6387350,4.25,8.175,8.134,54.5265,19339.900,4751.100,96.82029181,72965.3,1273791.051,40454.0064,106.7,701185
2012-12,,18128740,18501190,80336620,81701380,11421070,10914320,7199420,25977590,50258720,1251820,826810,66609110,6532880,4.25,8.175,8.031,54.7773,19426.710,5423.600,98.32801073,77117.35,1391178.162,43050.57367,107.1,752972
2013-01,39213884.3,18040530,18417170,81157950,82530000,11586450,11089390,6936130,26617170,50509150,1236830,816060,67172270,6260840,4.25,8.01,7.844,53.289,19894.980,6312.000,102.5183256,78616,1397762.842,44754.68125,108.9,720321
2013-02,,18422670,18802900,81740830,83119910,11785370,11257500,7150100,26694650,51272640,1338230,820570,67553830,6464440,4,8.019,7.891,53.7735,18861.540,4581.600,97.44722857,68762.88,1434990.509,40791.99,109.8,688569
2013-03,,18975260,19353760,83898190,85286620,11909750,11410610,7532250,27090110,52604590,1368210,879250,69419950,6783260,4,8.102,7.838,54.3893,18835.770,4510.300,99.84385335,80333.28,1662152.102,40947.79,109.8,639530
2013-04,37311501.9,19015760,19392050,85029030,86421560,12258490,11801510,7193590,27743660,52852470,1248330,914260,70215730,6614120,4,7.719,7.602,54.219,19504.180,3526.900,97.78075885,77870.37,1332261.278,41577.14949,108,450580
2013-05,,19231900,19608000,86276790,87681870,12284450,11763610,7424710,28436600,53687780,1401360,941010,71442370,6711140,4,7.342,7.253,56.4958,19760.300,4034.800,101.3853767,84349.87,1370375.364,43987.09793,105.2,417453
2013-06,,19714400,20092640,87405710,88827110,12176630,11665130,8025280,29282730,54045620,1121630,766850,72697070,7329830,4,7.435,7.455,59.6995,19395.810,3332.400,96.72782815,76827.07,1401111.252,35304.35622,107.9,451223
2013-07,37465403.7,19075480,19455580,87329720,88765270,12063040,11579400,7474240,29691270,53956260,1064280,710070,72676540,6768370,4,9.314,9.006,61.115,19345.700,3764.300,98.28242633,80482.31,1543927.768,38326.44782,112,506427
2013-08,,19036250,19419350,87619100,89071340,12137200,11632170,7349780,29331570,55367840,1064770,721740,73439630,7003670,4,11.353,9.911,66.5742,18619.720,3541.200,97.64845083,79811.06,1654312.071,37026.02322,114.2,486338
2013-09,,19105080,19492270,88330810,89799660,12156250,11664190,7399610,29168550,56199110,1113020,749040,74345760,7034560,4,10.518,9.676,62.777,19379.770,3637.600,103.3152808,82684.74,1790793.871,34258.24366,119.2,453561
2013-10,39705281.0,19294440,19684020,90048380,91533130,12424960,11886220,7370920,29973330,55908430,1002770,747030,75172830,6762140,4,8.939,8.736,61.41,21164.520,4013.500,100.8474609,79567.7,1692938.123,38075.01666,117,598095
2013-11,,19636730,20029120,91825570,93327560,12617680,12078350,7478950,30019330,56464810,1143310,762840,76504660,6785110,4,8.855,8.963,62.3948,20791.930,3654.700,104.5711069,77569.49,1513047.761,33772.91606,116.2,733923
2013-12,,19896860,20296910,92229920,93756820,12685210,12136640,7735350,29616130,57413420,1157350,764930,76812760,7025240,4,8.687,8.844,61.897,21170.680,4210.200,103.0503197,82946.92,1631381.375,36580.09366,118.3,821581
2014-01,41309074.4,20083190,20494400,92958750,94498670,12791640,12275210,7783640,30001270,58454590,1076780,748940,77934210,7193070,4,8.754,8.708,62.4768,20513.850,4699.500,100.3743548,83728.29,1670120.221,36346.32445,119.9,757786
2014-02,,20191860,20609950,93638000,95191770,12919390,12393840,7782930,30276540,59330250,1181650,784990,78691260,7462390,4,9.086,8.987,62.072,21120.120,3074.200,99.08815142,76675.06,1576063.882,33665.55,118.9,755678
2014-03,,20597620,21027790,95173860,96752940,13010740,12458190,8119780,30448700,59940960,1308700,821730,79200840,7312490,4,9.128,8.957,60.0998,22386.270,6505.700,100.7146619,84637.44,1849212.96,41294.46,119.3,690441
2014-04,40305363.0,21206280,21641330,96875350,98469530,13450880,12909280,8273570,30550770,60134720,1288670,875960,80541260,7591010,4,8.88,8.965,60.3375,22417.800,5704.300,101.7003925,87152.23,1558599.082,35795.63828,116.5,535321
2014-05,,21573860,22010910,97663510,99274660,13657300,13091990,8460680,30989580,60415200,1297200,873200,81059740,7685140,4,8.74,8.791,59.0335,24217.340,8248.900,104.1740114,89995.49,1661100.89,39058.85464,116.2,465043
2014-06,,21476740,21914680,97740400,99365530,13592950,13020040,8449870,30883970,60949440,1287420,905750,81224610,7676990,4,8.551,8.649,60.0933,25413.780,9463.100,107.2995342,88852.87,1548771.139,38352.39011,115.1,502028
2014-07,40726433.3,21075300,21519890,98189130,99832430,13488400,12936470,8057480,29796500,60842620,1363990,1032740,81758220,7307530,4,8.587,8.684,60.246,25894.970,7446.400,111.4999887,89957.13,1551409.969,40068.00507,117.1,568871
2014-08,,21103960,21550060,98848100,100504420,13502870,12924070,8114580,30141640,61114940,1415800,1079370,82928790,7610620,4,8.635,8.714,60.4745,26638.110,264.162,111.40889,90067.53,1632957.984,37472.7822,116.6,575750
2014-09,,21142410,21590150,99317010,100984440,13440050,12878380,8193000,30294600,61617710,1476020,1104840,83543990,7776090,4,8.583,8.660,61.6135,26630.510,284.017,107.4623384,85928.86,1759310.48,43341.74837,114.9,509142
2014-10,42056920.1,21493060,21943800,101202260,102883280,13671760,13005170,8407220,31082120,62441920,1472840,1110840,84512540,7665880,4,8.47,8.542,61.408,27865.830,310.121,105.5904601,90500.03,1590303.536,39468.75546,112.6,668398
2014-11,,21698960,22148190,101656970,103345880,13694820,13091250,8520430,31141170,62553480,1563280,1111480,84909010,7793810,4,8.29,8.324,61.9736,28693.990,355.068,107.5675648,85274.98,1634781.986,42722.49263,106.6,765497
2014-12,,21885760,22339790,102108420,103813880,13898850,13264610,8539770,30760950,63185240,1558700,1117340,85122410,7802650,4,8.294,8.224,63.3315,27499.420,327.944,103.6322238,86922.07,1641219.973,35333.27202,101.3,885144
2015-01,44247008.8,21884170,22345910,103014330,104726200,14103260,13509930,8290750,30922010,63869750,1611380,1129530,86387450,7947300,4,8.301,8.043,61.7575,29182.950,393.519,103.3315761,86479.52,1516914.499,32265.37127,94.5,790854
2015-02,,22349960,22814230,104093530,105809630,14333040,13741730,8527800,31333380,64597160,1576210,1117610,87304340,8116020,4,8.321,8.037,61.7908,29361.500,426.872,104.9748587,81204.45,1364289.685,28725.3781,88.5,761007
2015-03,,22924040,23398320,105501680,107238960,14483120,13861820,8916320,30073940,66200720,1642770,1216380,89134490,9064290,4,8.28,7.937,62.5908,27957.490,283.064,99.94283113,86337.81,1501667.449,35428.72022,92,729154
2015-04,43365565.7,23360140,23841940,107319090,109069400,14941520,14321640,8946270,31720880,65732630,1625050,1202880,89379130,8384470,4,7.877,7.881,63.578,27011.310,6525.041,99.08366542,86695.05,1386706.062,33506.50509,91.3,541551
2015-05,,23663020,24152110,108180490,109951720,15116900,14462180,9088000,31908030,66063440,1712410,1244590,89702770,8290060,4,7.925,7.827,63.7615,27828.440,4832.743,102.4827526,95401.76,1435440.344,32837.75729,95.5,509869
2015-06,,23448830,23945960,108111670,109909530,14974310,14309910,9048450,32046150,66306240,1671020,1242440,89795300,8247910,4,7.685,7.745,63.7549,27780.830,5567.723,99.694491,89907.55,1423827.124,33536.23371,96.4,512341
2015-07,43998315.9,23320470,23828940,109076930,110903740,14878340,14247050,8872740,32846500,66918000,1727860,1344680,91820230,8605000,4,7.51,7.617,64.0054,28114.560,7098.966,100.2529926,93141.73,1480789.411,36372.06989,93.8,628323
2015-08,,23405240,23922520,109795360,111646890,14867860,14233160,9020770,33055310,66489900,1743840,1352810,91674170,8472680,4,7.394,7.559,66.3062,26283.090,7369.909,100.8862279,95120.32,1404969.649,33981.72868,87.6,599478
2015-09,,23490660,24014170,109902930,111776900,14998710,14340450,8995140,32260570,67022100,1807060,1313980,91852280,8387710,4,7.36,7.390,65.7418,26154.830,4825.996,102.7851514,95741,1447086.521,32036.4455,85.7,542600
2015-10,45083938.5,24030350,24569230,111972610,113877980,15160690,14449910,9426820,32802930,67946260,2185380,1534910,93336530,8651310,4,7.082,7.166,65.2231,26656.830,6130.539,104.2021314,98631.08,1395209.346,31148.32875,85.6,683286
2015-11,,24226250,24776890,112251420,114189880,15547170,14812110,9263770,33109910,68391540,2153700,1554420,93157200,8494650,4,7.134,7.235,66.8148,26145.670,6499.256,97.38435377,85905.93,1292976.62,29896.40497,85.5,815947
2015-12,,24581540,25149050,113044860,115023590,15698980,14997480,9440620,32549220,69882490,2313700,1558550,93754090,8669270,4,7.202,7.247,66.326,26117.540,8459.801,98.2082033,89626.43,1502509.965,34096.49004,84.8,912723
2016-01,48268479.0,24415470,25002230,114203150,116210020,15871340,15172750,9116120,32924980,70945980,2265720,1596210,95329650,8800830,4,7.255,7.212,67.8763,24870.690,7252.400,97.74824476,92128.86,1427398.22,28866.53078,79.8,844533
2016-02,,25255480,25862110,115608940,117647960,16241140,15587270,9396920,33389020,71729750,2211320,1614250,95671330,8854890,4,7.352,7.276,68.616,23002.000,5786.836,101.0287832,89011.17,1422501.798,27418.97999,75.5,848782
2016-03,,26025380,26641050,116176150,118260260,16634630,15972540,9898340,32384840,72496150,2312390,1583230,95756350,9095810,4,7.261,7.155,66.3329,25341.860,5905.297,102.6599534,96511.4,1532587.069,27310.28082,76.5,809107
2016-04,47129611.2,26712970,27359980,118860470,120981900,17201160,16486250,10093600,35015860,72322950,2329400,1604400,97840320,9258130,4,6.822,6.908,66.5176,25606.620,4177.902,104.1673711,99345.22,1385791.473,25689.17756,78.3,592004
2016-05,,26546650,27214590,118901020,121053190,17334560,16603260,9810360,35563300,72264410,2275930,1536820,97723810,8966550,4,6.854,6.954,67.203,26667.960,4831.956,102.932923,99903.12,1498794.916,28286.23341,81.3,527466
2016-06,,26652970,27331320,119240410,121422030,17331080,16618920,9901500,36016030,72279600,2243150,1472310,98035810,9059380,4,6.787,6.925,67.6166,26999.720,5972.532,105.318522,97325.65,1523939.159,30917.01308,85.2,546972
2016-07,48252868.9,26487810,27180200,120064810,122273870,17363640,16621650,9730240,36837610,72569790,2136090,1533130,99524540,9222810,4,6.574,6.776,67.034,28051.860,6448.309,101.470979,94606.32,1456809.527,29305.24816,84.7,733834
2016-08,,26832880,27540490,120756640,122994080,17449200,16738790,9954110,36973830,72409560,2262810,1568020,99924870,9396160,4,6.563,6.677,66.9813,28452.170,5589.566,100.1269729,95221.41,1444920.66,29303.19899,81.1,652111
2016-09,,28285500,28999710,124899940,127156610,17278780,16564780,11534710,37519510,74948680,2307320,1653410,103623850,10661770,4,6.532,6.611,66.6596,27865.960,6129.209,102.914871,98072.39,1519011.233,31840.48148,83.2,608177
2016-10,48950108.8,27587070,28307630,123649090,125926940,17775350,17022100,10405350,37263540,73844140,2315340,1646740,102001890,9561240,4,6.367,6.457,66.8566,27930.210,5983.680,101.8748303,99779.91,1559122.452,34495.09201,84.6,741770
2016-11,,21031200,21956760,121313880,123835810,11884180,8962560,11917840,40376350,72617540,2505410,1963480,107732230,11062700,4,6.092,6.163,68.526,26652.810,5542.845,101.1398452,93568.61,1357271.64,33461.86521,87.3,878280
2016-12,,19945730,20883210,120057790,122607400,9432090,7858590,11934540,38111850,74100620,2349050,1873160,108578840,11648520,4,6.16,6.174,67.9547,26626.460,4407.993,95.87357102,95251.6,1631154.285,34602.46992,88.4,1021375
2017-01,51304241.8,20969330,21900250,121067370,123609540,9876780,9134800,11679250,39194030,73971280,2237610,1744350,107517460,11124060,4,6.243,6.253,67.8125,27655.960,5555.997,97.86862107,95690.06,1521289.225,32261.13936,93.1,964109
2017-02,,22510200,23436580,122623350,125167680,11317370,10644880,11709000,40296770,74345050,2175310,1671890,107189090,10928940,4,6.16,6.253,66.7375,28743.320,6044.316,101.4267796,89285.92,1633124.958,34248.43705,94.5,931025
2017-03,,26819570,27740210,127919400,130481450,13352660,12641240,13967410,38566070,78414660,2397730,1765510,110485710,13104750,4,5.926,6.197,64.8386,29620.500,10038.811,107.5152204,102090.73,1901172.137,39946.6721,93.6,885936
2017-04,50010528.1,26109260,27040530,126838770,129424990,14321140,13621930,12310690,41076030,75823910,2454110,1726820,108505760,11437570,4,6.036,6.333,64.217,29918.400,5777.828,104.8427259,103159.76,1586231.268,38834.65041,91.7,717899
2017-05,,26219960,27155650,126717220,129330310,14880000,14133120,11909100,41049400,75694580,2241270,1658110,107810500,11030330,4,6.274,6.474,64.5459,31145.800,6333.803,100.3446651,107294.92,1542656.041,38278.74289,90.9,622408
2017-06,,27010050,27956750,127584600,130231740,15327570,14526530,12281760,40936300,78198070,2171450,1671230,110466940,12746610,4,6.274,6.406,64.7379,30921.610,5457.656,94.86490264,97524.88,1483123.959,37055.02466,89.6,663470
2017-07,50818927.3,26888380,27847260,128081040,130764070,15479810,14694940,12013830,41145370,76702190,2102730,1574180,108930770,11391640,4,6.201,6.333,64.0773,32514.940,7139.339,101.4320972,98106.69,1436180.615,34215.04181,88.4,779309
2017-08,,27276950,28245790,128826580,131543800,15711400,14896460,12175660,41570390,76911940,2039940,1523780,108864800,11248370,4,6.133,6.246,64.0154,31730.490,5830.956,106.4946235,102673.44,1493986.65,36070.61635,89.1,719129
2017-09,,28730340,29711450,131843300,134595740,15887320,14970320,13503150,40773040,79834380,2214810,1577150,112088070,12645320,4,6.098,6.248,65.3552,31283.720,5781.508,101.0395906,102495.5,1841934.98,37962.66946,91.9,719964
2017-10,52214433.8,28249110,29244560,131153160,133943800,16347310,15485590,12538690,40293150,78846450,2179990,1482100,110912110,11684610,4,6.087,6.214,64.7745,33213.130,5268.318,102.4710047,102879.97,1488582.694,37501.43306,93.8,866976
2017-11,,28310740,29316780,131473090,134301640,16600180,15815520,12265980,40039740,79347150,2203320,1429530,110896460,11406970,4,6.116,6.269,64.4332,33149.350,7483.271,107.2383172,95482.87,1704907.932,41390.18915,94.6,997738
2017-12,,28863250,29891200,132086810,134968200,16973640,16164230,12470100,39285920,81794600,2142110,1531150,112475640,12280600,4,6.17,6.358,63.9273,34056.830,6930.610,102.2833391,97020.31,1788088.889,42030.78706,95.5,1167840
2018-01,55887203.2,29116850,30168680,133632340,136554880,17332840,16607420,12249570,40293790,81471890,2193910,1502130,112392580,11454880,4,6.348,6.539,63.6878,35965.020,10093.899,105.4906761,101864,1617080.945,40701.20967,97.5,1045027
2018-02,,29682110,30749050,134789920,137743870,17777400,17071940,12409220,40257000,82374480,2156570,1468330,113000470,11535750,4,6.367,6.634,65.1031,34184.040,5661.322,101.3228199,91952.51,1677159.385,37871.27233,98.8,1049259
2018-03,,32673310,33765410,139625870,142633930,18293480,17597120,14837120,40013990,86254250,2344900,1667460,117285400,13994750,4,6.201,6.571,65.0441,32968.680,5401.821,104.4579352,105851.4,1897184.043,42801.16479,98,1021539
2018-04,53761148.0,31778140,32896090,139816470,142872930,19036480,18248760,13309270,41667620,85176250,2543960,1579890,116846130,12460950,4,6.129,6.531,66.7801,35160.360,4733.262,101.3729864,103890.85,1704176.58,39966.95113,99,745033
2018-05,,31638230,32776700,139844780,142952730,19307570,18537930,12831650,42037680,85376550,2495050,1567220,116531050,11983360,4,6.323,6.802,67.4526,35322.380,5133.545,101.5936021,111071.32,1954074.993,43917.27407,102.4,606513
2018-06,,31891250,33053270,140032270,143193810,19573920,18767610,12898480,42210020,86728070,2254440,1570920,117986740,12919800,4,6.512,7.077,68.5753,35423.480,4105.790,100.9225731,104022.86,1841045.933,44806.5859,104.4,683935
2018-07,54100397.5,31578410,32764780,140728660,143945640,19366340,18589340,12759060,43313660,86162270,2338240,1659890,118315860,12597120,4,6.553,7.212,68.6068,37606.580,4184.987,100.4915974,102701.58,1768973.453,44388.07226,104.4,806493
2018-08,,32135580,33342160,142714080,145980830,19276340,18468440,13420440,43947060,87807530,2406780,1531540,119458880,12573310,4,6.762,7.300,70.9255,38645.070,4559.659,101.9920264,105792.84,1936340.509,45731.10876,104.9,785993
2018-09,,32917060,34175790,144229080,147565280,19252440,18429360,14231900,43020000,89816640,2419160,1532020,121010960,13385090,4,7.02,7.649,72.5474,36227.140,3874.296,102.0344518,108327.5,2014093.95,42819.58744,107.8,719894
2018-10,55469209.1,32506300,33762500,144263800,147636430,19612630,18751350,13509160,42930370,90339750,2420720,1501270,120715070,12652840,4,6.978,7.559,73.9936,34442.050,4393.250,105.9313178,113507.43,1962159.788,44677.8869,111.3,890223
2018-11,,32884740,34157440,145187750,148611290,20107050,19244460,13382650,43445890,92218980,2357170,1552150,122625300,13204830,4,6.854,7.243,69.6574,36194.300,3807.567,102.6015839,99776.95,1870321.91,43655.18616,109.3,1012569
2018-12,,32786680,34088530,145496950,148983910,20299690,19509950,13026000,42346580,93197650,2630400,1632810,122292980,12901300,4,6.667,7.026,69.7923,36068.330,3805.808,99.5503974,100841.32,1973289.122,42351.01667,102.8,1191498
2019-01,59084478.1,33425710,34750740,147587830,151116980,20650580,19867350,13299860,44328780,93512010,2498770,1630870,123023300,12492580,4,6.621,6.845,71.0333,36256.690,3885.244,101.8858498,100848.84,1867264.729,41455.20969,99.3,1111040
2019-02,,34569180,35917810,149398180,152977700,21057150,20294510,14012650,44334100,94497400,2550930,1609540,124094750,12941880,4,6.439,6.591,71.1953,35867.440,4222.853,103.7790241,91419.66,1911878.671,36591.12674,100.5,1090516
2019-03,,37104640,38510630,154320670,157993540,21367700,20522090,16265120,43884900,97717220,2763500,1816510,129015790,15425540,4,6.346,6.454,69.1713,38672.910,5104.083,108.9238962,107135.57,2274056.831,43690.4449,102.5,978236
2019-04,56500476.5,35861670,37289520,153786040,157512260,21799800,20920670,14664390,45029700,96209450,2597600,1745930,128116490,13819050,4,6.331,6.432,69.8368,39031.550,7693.882,108.1559967,109263.44,1807190.093,42387.2565,102.8,774651
2019-05,,35735710,37161950,154210770,158002730,22045210,21173660,14277520,46044070,96883950,2565210,1760440,129421930,13753060,4,6.356,6.429,69.8058,39714.200,4234.347,109.2570415,117046.96,2082993.316,46683.35492,104.4,615136
2019-06,,35496360,36931370,154161040,158006300,22059260,21166770,14032760,45891140,97007650,2611150,1849530,130267580,14348230,4,6.005,6.151,68.918,39394.640,3745.298,107.5341267,112946.84,1736597.452,41032.49458,102.2,726446
2019-07,56425833.4,35745640,37219890,155677810,159600870,21875100,20987050,14398500,47467720,96605170,2638760,1854000,129742870,13302540,4,5.794,6.018,68.8569,37481.120,3894.017,104.3096313,108407.51,1803139.537,40430.6483,100.6,818125
2019-08,,35942950,37422260,156770900,160737940,21763830,20826340,14806800,47206500,96801530,2713250,1858900,131227360,13961020,4,5.448,5.769,71.7586,37332.790,3779.334,99.08308316,106200.23,1850057.843,39852.08307,101.2,800837
2019-09,,36464060,37839000,158141670,162049310,21861480,20891980,15252270,48371350,97688540,2678320,1924310,132537700,14408590,4,5.345,5.634,70.685,38667.330,3861.892,99.55191076,105194.51,1855064.969,37694.81892,100.6,751513
2019-10,57275088.5,36705980,38090500,159553620,163507750,22571350,21618810,14775050,48521570,98405620,2606230,1889360,133241290,13928810,4,5.151,5.387,70.8095,40129.050,4579.545,95.45537746,98908.99,1861305.055,37986.36541,102.3,945017
2019-11,,36527600,37921620,159457490,163469140,22673850,21724880,14479600,48908410,98900710,2493080,1874490,134475670,14486830,4,5.023,5.194,71.7255,40793.810,5760.695,102.2627776,93665.88,1840581.837,38523.24494,101.3,1092440
2019-12,,36885360,38303220,160629780,164722240,22720660,21806010,14739560,49196830,99677970,2720870,1968710,134744980,14242970,4,4.98,5.228,71.274,41253.740,4224.902,105.0817488,99098.13,1928065.569,39594.10477,103.2,1226398
2020-01,60824464.6,38018150,39454390,164186250,168338760,23109750,22187760,15491830,50145940,101051760,2799610,1998890,137264810,14635890,4,5.075,5.293,71.5096,40723.490,4619.504,106.4649435,103010.96,1842797.621,41149.49537,104.7,1119250
2020-02,,38688540,40135980,164590270,168801730,23482390,22554260,15788690,49839040,101048660,3236760,2330850,137292500,14935780,4,5.089,5.232,72.1895,38297.290,4883.655,110.7897165,100977.44,1984426.081,37904.473,103.6,1018440
2020-03,,41259480,42769110,167999630,172334040,24473120,23497480,17376920,49603620,103708610,3202400,2399430,139755510,16532420,3,4.859,5.144,75.3859,29468.490,6077.713,80.25139501,96062.98,1602090.578,31470.91691,99.5,328304
2020-04,43429583.4,40403210,41936920,170341330,174701670,25229700,24246650,15760860,54159710,102734160,3293710,2489860,141380770,14916320,3,3.955,4.111,75.115,33717.620,3888.606,-3.79588018,81045.2,774879.2425,17085.77727,89.8,2820
2020-05,,41190650,42747840,172309080,176734080,26111200,25127870,15647500,55515920,102256730,3354190,2601550,143608650,15433080,3,3.368,3.655,75.6369,32424.100,5083.089,49.32848724,96501.43,1456145.366,22859.86829,80.3,3764
2020-06,,41745250,43329470,173152460,177663760,26606050,25628350,15729740,54999810,102402560,3275900,2500490,143318840,15216990,3,3.311,3.558,75.527,34915.800,10823.637,72.47145531,100142.22,1668079.482,21323.55235,85.6,8590
2020-07,53131006.2,42647970,44248560,176258030,180840090,26725600,25762930,16487970,56099140,102820570,3100110,2323240,145762060,15633270,3,3.217,3.456,74.7722,37606.890,9851.310,89.01192426,108268.76,1781982.326,29116.06252,90.7,12655
2020-08,,42822810,44427500,176479720,181115260,26805470,25831110,16592070,56137390,102161580,2878630,2225150,145891730,15734850,3,3.234,3.540,73.5951,38628.290,9967.000,88.33867487,103134.95,1702281.667,31034.00577,92,19761
2020-09,,43249740,44873240,177397650,182106940,26829570,25852430,16969100,55183170,102715810,2823000,2210200,146747070,16112920,3,3.275,3.655,73.7978,38067.930,7882.651,100.32028,110211.86,2026231.884,30518.34989,91.9,28167
2020-10,58291768.5,42859810,44485940,178037390,182801950,27145450,26195780,16256860,55872180,103879480,2772330,2103350,148352600,16068320,3,3.227,3.475,73.9732,39614.070,5452.433,102.4089932,107728.59,1833265.036,34073.83709,90.9,41494
2020-11,,43483750,45110990,179379390,184193620,27704930,26735340,16329380,56915140,104730530,2635970,2080570,149106680,16072630,3,3.056,3.423,73.7983,44149.720,6833.634,100.6087317,95196.22,1753334.71,33812.29273,94.2,70977
2020-12,,44099290,45744960,180553720,185446950,27764770,26815120,16866280,56372360,105874750,2694950,2081040,149047910,16017790,3,3.094,3.441,73.0536,47751.330,13025.578,100.1043639,103688.29,2003649.938,42934.5448,96.9,90544
2021-01,62825463.5,45647040,47298050,184066660,189012720,28067920,27072130,18142690,57354820,107037520,2612590,2028130,152217170,17284590,3,3.247,3.587,72.9519,46285.770,11505.525,98.80555924,108504.76,2013340.031,42030.07094,100.7,94662
2021-02,,46042950,47701920,185637640,190639380,28366770,27350850,18244360,57706460,107747420,2547780,1975280,153512680,17391780,3,3.265,3.722,73.0408,49099.990,10111.035,102.9287566,101415.28,2011847.194,40748.65307,105.7,110312
2021-03,,47942990,49651520,188445780,193550130,28537640,27518280,19951200,58503740,109495090,2595300,2005850,155401520,18993430,3,3.28,3.805,73.5047,49509.150,10138.706,110.9057343,118769.79,2567371.663,48898.86342,109.2,133768
2021-04,53259336.6,47108630,48814940,189190370,197942180,29071600,28028040,18625500,59116840,109137250,2676900,1862210,156878880,17976700,3.5,3.34,3.742,74.0232,48782.360,6585.895,101.1431417,115473.27,2291490.322,46044.07977,108.9,78718
2021-05,,47406780,49117080,190121260,198952830,29641900,28612640,18309620,58632930,108249440,2450400,1818750,156823110,18028660,4,3.371,3.723,72.5211,51937.440,11099.793,74.12830368,103832.52,2364495.053,38834.63791,109.8,19765
2021-06,,48249070,49978800,191695650,200665720,29885190,28872600,18874520,59214920,108598200,2400510,1816950,156920290,17884120,4,3.439,3.826,74.3456,52482.710,18477.157,83.56651981,106459.52,2390776.166,42098.2641,110.7,36070
2021-07,58372835.7,48559320,50299930,193727760,202832150,29466490,28391340,19707010,60554600,109105670,2442950,1849890,159688580,18751110,4,3.421,3.789,74.3871,52586.840,14183.290,92.05325414,115982.05,2647089.829,46146.97314,115.2,72501
2021-08,,48031820,49778710,193304270,202533620,29439470,28308250,19262000,60793140,108976010,2386740,1706690,159357800,18304940,4,3.349,3.672,73.1536,57552.390,12071.910,96.04912652,120977.48,2474029.666,45092.8631,117.9,92728
2021-09,,48204150,49969920,193962890,203326060,29251080,28150170,19584980,60764770,109568170,2325130,1711310,160192970,18628180,4,3.334,3.634,74.2551,59126.360,13125.443,91.56721328,108241.14,2489962.61,56286.42296,119,115661
2021-10,61514764.0,48313930,50085570,195231140,204695210,29449930,28256980,19585300,59772370,111057580,2340600,1719350,162913960,19461930,4,3.471,3.944,74.7858,59306.930,11589.599,98.49162809,111031.31,2676721.285,53638.24592,126,191415
2021-11,,48833620,50601690,196456340,206016260,29884710,28782460,19572540,60752850,111999390,2404880,1809270,162121250,18804780,4,3.56,4.098,75.0885,57064.870,10263.112,96.16163823,96941.72,2367999.914,53025.06888,136,263867
2021-12,,51382130,53176500,201140360,210838830,29869010,28811150,22060520,61007160,115820870,2546620,1905570,166703990,21097120,4,3.582,4.199,74.3025,58253.820,19004.276,101.7359262,105992.09,2960769.061,60329.77462,133.8,317647
2022-01,65622984.3,50350560,52160340,199476840,209282050,30323680,29319210,20504970,59341510,114689770,2706360,1895860,164529760,19547160,4,3.63,4.425,74.9674,58014.170,19950.376,99.53101232,107886.08,2621599.87,52566.76985,135.3,215935
2022-02,,51383740,53212630,201835280,211738020,30805020,29805650,21030560,62320040,116437170,2558740,1855000,166382180,20069070,4,3.786,4.585,75.4882,56247.280,13375.361,102.80818,104208.4,2785415.804,55898.38736,138.3,254538
2022-03,,53071250,54955580,204937290,215059700,31337160,30356890,22129920,64776290,118913140,2626740,1941430,168996340,21175130,4,3.792,4.637,75.8071,58568.510,12492.752,108.3369827,123920.84,3396053.192,63090.56269,143.9,358023
2022-04,61597204.3,52861860,54765430,207120480,217346180,32093940,30931590,21354590,64115910,120009300,2865500,2098560,172168560,21592790,4,3.947,4.752,76.4242,57060.870,13251.196,107.7936127,127031.08,3023885.041,58057.69689,151.2,411010
2022-05,,52980980,54885360,206823070,217144880,32260000,31179600,21263100,62645530,120627310,2814730,1965170,170281420,20302460,4.5,4.696,5.648,77.6641,55566.410,9947.677,103.3797015,125218.6,3014718.24,61126.44022,163.6,445690
2022-06,,52458460,54390930,206638170,217082580,32267880,31041510,20873400,62630590,121904290,2852950,1927460,170180780,20000930,4.5,5.051,6.209,78.9421,53018.940,8886.295,102.6291845,124421.55,3301607.793,64352.7583,167.1,547074
2022-07,60613569.9,53041990,54983610,210323480,220886020,31847150,30637460,21832090,64086640,123693500,2772580,1897500,173981120,20884920,4.5,5.35,6.222,79.4203,57570.250,8335.476,95.39057569,118937.22,3051204.136,63771.39388,166.6,669499
2022-08,,52836550,54786160,210514230,221166630,31832190,30624790,21639870,64713130,124586580,2819860,1919200,174181820,20689210,4.5,5.589,6.256,79.7194,59537.070,12497.268,99.29848364,121513.98,2943150.948,61879.14961,159.2,524756
2022-09,,52280400,54244800,210728960,221474880,31670730,30445940,21209020,64376720,130324730,3023990,2023110,179692640,22800920,4.5,5.85,6.553,81.5522,57426.920,14499.143,101.35717,119995.52,2840245.925,63372.11171,158.4,551580
2022-10,68195971.1,53259680,55224140,213019490,223842360,32183140,30887530,21672140,64446040,128646950,2971650,1931840,177003860,21687180,4.5,6.287,6.917,82.3934,60746.590,9136.524,96.63708949,109501.11,2600558.861,57910.49705,158,677055
2022-11,,53563880,55524410,213999210,224884110,32184260,30936180,21920600,66127620,130022650,3220590,2004850,177499450,21238760,4.5,6.446,6.913,81.597,63099.650,11072.864,98.86369728,108444.01,2849595.669,56951.41075,162.8,789330
2022-12,,55271040,57269630,218592350,229568610,32326510,31222360,23419360,65654720,133068530,3295790,2208320,181577280,22459420,4.5,6.387,6.894,82.7862,60840.740,15781.066,95.40224529,115503.39,3140978.429,61218.76419,158,992977
2023-01,70769526.3,55303330,57294200,218950340,230001710,32917830,31697200,22967920,66573650,133375360,3294090,2107250,181453630,22011620,4.5,6.411,6.909,81.7387,59549.900,12998.920,98.5732037,118620.88,2926276.851,52826.37831,155.6,891084
2023-02,,55794470,57797040,220933310,232065610,33316120,32227370,22925810,68542460,134502690,3480050,2195650,182900210,21970950,4.5,6.693,7.114,82.6816,58962.120,8934.212,99.50720111,111523.05,3057312.967,53581.49985,157.6,893352
2023-03,,56747950,58750520,223437600,234569900,33785200,32764360,23205980,71655330,136752350,3552520,2285170,184776770,22254160,4.5,6.875,7.344,82.2169,58991.520,10179.587,100.8859484,120202.5,3451723.104,60920.79638,156.4,824549
2023-04,65650788.7,56965600,58968170,226831990,237964290,34554030,33464860,22817650,71655470,138792840,3460110,2465630,189289630,23068290,4.5,6.812,7.063,81.7829,61112.440,7899.262,101.4926657,123873.09,2837622.39,49051.01086,152.7,625772
2023-05,,57002870,59005440,227668100,238800400,34784800,33713910,22609020,71359380,139024500,3681370,2521040,189325700,22271430,4.5,6.847,6.950,82.6773,62622.240,10893.125,97.00923968,126601.66,2876586.974,57452.91576,148.6,618086
2023-06,,59035350,61037920,234247480,245379780,33604180,32346080,25902460,71903410,143837180,3620970,2600580,195982670,24948980,4.5,6.76,6.880,82.0428,64718.560,13237.687,99.50120109,127382.73,2822370.752,53203.06382,146.2,667720
07/2023,65241947.4,56851040,58935210,234099550,246129020,33245620,32159030,23980780,73374460,147871230,5095830,2494240,196095710,23039470,5,7,7,82,66528,12609,113,126313,2833569,53146,145,786486
08/2023,,56285450,58398410,234727050,246890290,33100650,32053020,23513550,73872740,149173120,5116080,2434910,196801010,22569910,5,7,7,83,64831,19793,117,137594,3170447,62036,149,664155
09/2023,,56128480,58239840,235042980,247293530,33018630,31959760,23441310,72926670,153236600,5291550,2552200,201414300,24557940,5,7,7,83,65828,20606,105,130538,2858271,54225,153,666946
10/2023,73030453.7,56650360,58767210,237399330,249751040,33040620,32016820,23904140,73753800,154883440,5134630,2356440,199923400,23389520,5,7,7,83,63875,13695,109,133501,2782212,63038,156,832233
11/2023,,57782470,59922110,239349780,251825330,33557990,32547990,24490840,74753750,157518060,5803510,2995090,202234660,24374250,5,7,7,83,66988,17366,108,114729,2809885,54756,156,948631
12/2023,,59176550,61346330,243772770,256361720,33629950,32561150,25804900,72726170,159619440,5288760,2694370,205253540,24854970,5,7,7,83,72240,24655,105,115947,3196207,56915,156,1101914
01/2024,76084479.5,59016460,61201440,244178110,256867310,34192070,33234060,24978290,72101880,160435920,5392090,2694990,205014150,24030890,5,7,7,83,71752,29893,109,128025,3102052,53707,155,981609
02/2024,,59559700,61476620,246069000,259056960,34564630,33616330,25105180,73154670,162141350,5203480,2697660,206500540,24161630,5,7,7,83,72500,26604,110,118786,3434534,59824,155,1032301
03/2024,,60917000,62874770,249398600,262532260,35114610,34102760,25868880,76035710,164321640,5541170,2984520,209320670,24929160,5,7,7,83,73651,14820,108,129965,3461390,56639,152,893021
04/2024,70545787.9,61473360,63427810,252599580,265848780,35665690,34542550,26067290,76763460,165453370,5417980,2964690,212644920,25307300,5,7,7,84,74483,18840,110,136284,3319399,54488,151,672684
05/2024,,62114360,64082140,256100930,269477310,35713720,34687990,26514680,74549060,167828820,5277660,2876960,215446100,25564680,5,7,7,83,73961,17626,112,144988,3233826,61675,150,622189
06/2024,,62880570,64872800,257911040,271423160,35630020,34460550,27462370,74894850,168860290,5130920,2860430,218476510,26595820,5,7,7,83,79033,20146,115,139775,2958309,55997,147,722615
07/2024,69538699.8,61047260,63037430,256735130,270347240,35371800,34260890,25874130,76782130,168139350,5000220,2854750,216541000,24935960,5,7,7,84,81741,24254,118,134873,2731666,59474,148,799842
08/2024,,60850460,62848730,257830480,271535390,35129410,34047410,25884820,76947690,170106210,5413120,3340460,221392500,27154520,5,7,7,84,82366,18542,109,132359,2759002,68510,148,661322
09/2024,,61273530,63282420,259543240,273336070,34905370,33922840,26409840,76261550,172153350,4531770,2981500,221978860,26306760,5,7,7,84,84300,17536,111,128758,2855528,58720,147,691247
10/2024,78405732.5,62015100,64024190,262892820,276760330,35183950,34152330,26879860,79254820,173159810,4619590,2994450,222682740,25765980,5,6,7,84,79389,16710,117,134170,3274773,65070,149,840330
11/2024,,62658460,64678450,265173910,279128760,35469690,34442170,27186360,80866370,175089560,4411740,2785000,224734750,26254900,5,6,7,84,79803,12633,111,117761,2693796,63929,150,973941
12/2024,,62723180,64770190,265794640,279841270,35612020,34599770,27107130,79011190,177430370,4614960,2961740,225223490,26174520,4,6,7,86,78139,16199,105,121073,3212157,58479,152,1060621
01/2025,81395975.0,62596080,64651230,266929990,281057390,35999790,35036020,26517120,79884020,180536070,4544380,2833930,229552280,27202030,4,7,7,87,77501,14063,101,126337,3134749,59430,152,956988
02/2025,,63361200,65483160,269133410,283564060,36514290,35578330,26649750,81505500,182021740,4438480,2872940,230981800,27538550,4,6,7,87,73198,10236,99,121551,3213601,50964,153,915713
03/2025,,65840810,67980620,272865890,287454330,37244480,36307510,28400230,85108250,182439720,4580110,3156750,230554870,27482630,4,7,7,86,77415,12738,98,136260,3638017,63740,152,742108
04/2025,75355723.5,65801130,67923090,276306850,290737500,37874730,36937510,27826120,86238670,182147770,4856920,3546210,233327690,26809510,4,6,6,85,80242,11618,95,133802,3276203,65381,146,625874
05/2025,,69785590,71908900,279899370,294334920,38357980,37368960,31315300,84931510,182873770,5070390,3709990,236627740,30383790,4,6,6,85,81451,16087,92,133067,3265235,60853,143,474308
06/2025,,70467250,72590560,282304560,296740110,38212270,37226520,32153750,85200330,184862000,5027390,3769100,239164760,31217100,4,5,6,86,83606,18756,92,131214,3003861,54076,142,547855
07/2025,75344227.1,68337660,70460970,281398730,295834280,38017990,37074580,30186660,85413170,185013770,4760080,3479640,238437150,29257340,4,5,6,88,81186,18452,94,133829,3189862,64881,144,668612
08/2025,,68578970,70702280,283085020,297520570,38114910,37157370,30325160,85859430,187320930,4483060,3291830,242022350,30519080,4,5,6,88,79810,16982,92,133713,3044809,61974,144,627555
09/2025,,68280920,70404230,283502810,297938360,38001520,37066880,30049010,84903090,190722560,4658710,3486670,242777400,30819190,4,5,6,89,80268,25673,90,129783,3191413,69093,143,623845
10/2025,84649351.7,70815290,73056140,289975060,305733750,38202250,37205450,32458150,87398700,193936550,4447600,3317290,246959290,31523980,4,5,6,89,83939,20223,82,119842,3014402,76728,145,797542
11/2025,,70481590,72722440,291367130,307125820,38668720,37720330,31582330,88496350,195294430,4404880,3301920,247644460,30634070,3,5,6,89,85707,16149,89,111874,3365400,62981,146,954217
12/2025,,73660170,75901020,297985440,313744130,39235220,38283610,34226580,87506860,203235540,4649280,3474940,253745610,33278110,3,5,6,90,85221,19317,100,126408,3442788,64477,148,1081977
01/2026,87771040.1,73128430,75369280,299035390,314794080,40009460,39067750,32888010,89440380,204752360,4684200,3444510,253986300,31940330,3,5,6,92,82270,18337,97,128991,3315592,71225,146,1007000
